TAG,SP,QUAD,XCO,YCO,D12,D15,D17,D19,D21,,,,,,,,,,
2321,GIROPA,1,7.6,6.9,11.4,11.5,11.6,0,0,,,,,,,,,,
2323,DACRR1,1,9.7,10.9,20.4,19.8,20.2,20,20.1,,,,,,,,,,
2324,KOOMMA,1,10.7,11.6,99,99,99,99.3,99.3,,,,,,,,,,
2324A,NAUCOF,1,10.5,11.8,0,11,11.4,12,12.8,,,,,,,,,,
2325,SHORL1,1,3.9,10.8,20.5,22.9,24.9,26,27.4,,,,,,,,,,
2325A,APORPR,1,4,12.7,11.3,0,0,0,0,,,,,,,,,,
2325B,GREWMI,1,1.6,13.7,22.4,23.8,24.3,24.8,25.7,,,,,,,,,,
2325C,MACALO,1,3.6,10.6,0,11.5,11.9,0,0,,,,,,,,,,
2329,IXONIC,1,9.2,17.8,40.2,40.1,0,0,0,,,,,,,,,,
2329A,APORPE,1,6.7,17.6,13.9,0,0,0,0,,,,,,,,,,
2330A,XYLOM1,1,18,14.2,27.2,26.6,0,0,0,,,,,,,,,,
2330B,ARTOIS,1,19.5,12.2,0,13.6,14.2,14.6,14.7,,,,,,,,,,
2330C,APORCO,1,19.1,12,0,12.7,13.3,13.8,12.8,,,,,,,,,,
2330D,SHORM1,1,18.2,12.8,0,11.7,12.9,13.6,13.3,,,,,,,,,,
2331,ALANRI,1,19,11.2,16.4,16.4,16.6,16.5,15.4,,,,,,,,,,
2331A,PORTAN,1,19.1,10.6,0,12.8,13.1,13.1,12.4,,,,,,,,,,
2331B,SHORP2,1,18.6,19,0,0,12.8,12.9,13.1,,,,,,,,,,
2332,DIPTC1,1,19.7,10.6,28.4,28.2,28.7,30.3,30,,,,,,,,,,
2332A,MACALO,1,20,10.5,0,12.6,12.6,12.4,12.6,,,,,,,,,,
2335,EUGEFL,1,14.3,6.4,39.8,39.1,39.8,40.3,39.1,,,,,,,,,,
2335A,XERONO,1,14.5,7.5,0,13.1,13.2,13.3,13.4,,,,,,,,,,
2335B,APORBR,1,16,8,0,13.2,13.5,14.4,13.6,,,,,,,,,,
2335C,CROTLA,1,15.6,6.4,0,10.9,11.1,11.4,11.4,,,,,,,,,,
2336,PTYCCO,1,15.6,1.1,15,13.3,13.3,13.3,13.6,,,,,,,,,,
2337,DIPTC1,1,15.7,0.7,31.1,31.8,32.8,34.1,35.7,,,,,,,,,,
2337A,DIOSNU,1,16.2,0.5,0,11,11.2,11.3,11.6,,,,,,,,,,
2338,KNEMMA,1,14.6,0,26.5,25.9,25.9,25.7,26,,,,,,,,,,
2339A,ARCHDI,1,8.5,1.2,17.9,18.4,18.5,18.7,19.4,,,,,,,,,,
2339B,XYLOM2,1,8.8,1.4,14.2,14.6,16.5,14.6,14.9,,,,,,,,,,
2343,MANGQU,2,31.1,2.5,0,11.2,11.2,11.1,0,,,,,,,,,,
2341,EUGECL,2,27.8,3.8,31.9,0,0,0,0,,,,,,,,,,
2342,SHORM1,2,32.3,2.8,60.6,61.5,61.7,62.6,62.6,,,,,,,,,,
2343A,SANTAP,2,31,1.2,0,11.2,12.7,12.9,13,,,,,,,,,,
2343B,HORSCR,2,28.5,1,0,11.2,11.8,11.9,12.1,,,,,,,,,,
2345,DACRR1,2,33.5,0.4,12.3,12.3,12,11.9,12.1,,,,,,,,,,
2346,CLE1SU,2,33.7,2,16.2,16.1,16.1,16.1,16.6,,,,,,,,,,
2348,DACRR1,2,29.7,8.9,14.6,13.7,13.9,14.2,14.6,,,,,,,,,,
2349,DACRR1,2,22.5,6.6,17.1,17,17.1,17.1,17.2,,,,,,,,,,
2349A,DACRR1,2,23.1,6.7,11.5,11.4,11.8,0,0,,,,,,,,,,
2349B,APORBR,2,24.1,7.1,0,12.2,12,12.3,12.5,,,,,,,,,,
2349C,SHORP1,2,23.5,7,0,10.8,11.8,11.7,12,,,,,,,,,,
2350,ARTOIS,2,21.1,8.6,34.6,34.7,34.4,34.2,0,,,,,,,,,,
2350A,NEPHOP,2,21.4,6.2,0,0,11,12.1,12.7,,,,,,,,,,
2354,HERISI,2,32.1,17.4,11.4,11.3,11.5,11.4,11.5,,,,,,,,,,
2355,CHISTO,2,34,19.5,13.2,13.2,13.5,13.9,13.7,,,,,,,,,,
2355A,DIPTC1,2,33.2,19,0,10.7,11.1,0,0,,,,,,,,,,
2359,EUGERI,2,37.8,12.8,27.3,0,0,0,0,,,,,,,,,,
2361,POMEPA,2,37.4,8.1,58.9,47.1,47.1,48.9,48.9,,,,,,,,,,
2361A,PIMEGR,2,38.2,9.6,0,0,14.6,15,15.7,,,,,,,,,,
2362,DACRR1,2,36,7.3,18.2,18.6,18.6,18.8,19,,,,,,,,,,
2362A,ANI2CO,2,37.1,10.2,0,14.5,14.5,14.7,14.8,,,,,,,,,,
2362B,SANTLA,2,35.3,9.8,0,10.9,11,10.8,11,,,,,,,,,,
2367,CLE1SU,3,45,2.7,23.2,23.4,23.3,23.2,23.4,,,,,,,,,,
2367C,CYNOMA,3,42.5,4.2,0,13.3,14.2,13.6,13.8,,,,,,,,,,
2367D,DIPLMA,3,41.4,7,0,0,10.5,11,11.2,,,,,,,,,,
2367F,EUGETU,3,46.2,7.2,0,0,10.7,11.6,13.5,,,,,,,,,,
2369,MANGQU,3,43.2,12.9,15.6,15.9,17,17.2,17.3,,,,,,,,,,
2369A,CLE1SU,3,0,0,11.3,11.3,0,0,0,,,,,,,,,,
2369B,DIALPL,3,44.7,11.4,22.7,24.7,25.1,25.9,27.2,,,,,,,,,,
2370,GANUSN,3,40.4,13.4,13.3,13.3,13.5,13.5,13.6,,,,,,,,,,
2375,CLE1SU,3,48,15,11.4,11.6,11.6,12.4,11.7,,,,,,,,,,
2375A,MYRICI,3,49.5,15.8,0,10.7,11,11,11,,,,,,,,,,
2375B,GARCNE,3,47.3,15.8,0,0,10.2,11.5,11.4,,,,,,,,,,
2376,IXONIC,3,48.9,13.7,37.3,37.9,38.1,38.8,39.6,,,,,,,,,,
2376A,EUGEIN,3,52.3,11.4,16.8,25.2,25.7,25.8,26.1,,,,,,,,,,
2377,OCHAAM,3,48.7,11.8,17.9,17.9,18.3,18.4,18.8,,,,,,,,,,
2377A,BUCHSE,3,49,12,17,17.2,18,18.5,19.2,,,,,,,,,,
2377B,GREWMI,3,48,12,0,11.9,12,12.9,12.2,,,,,,,,,,
2378,SAR1GR,3,55.6,16.1,111.9,111.9,111.9,112.4,112.4,,,,,,,,,,
2378A,RYPAKU,3,56.2,17,0,15,15.8,16,16.2,,,,,,,,,,
2378B,PAYELU,3,56.6,16.5,0,12.5,13.1,13.2,13.6,,,,,,,,,,
2379,CLE1SU,3,58,12.2,14.2,14.1,14.1,14.9,13.9,,,,,,,,,,
2379A,PORTAN,3,58.8,11.4,21.1,21.4,21.8,22.2,22.4,,,,,,,,,,
2381,NEOBHE,3,56.7,4.5,20.1,19.4,0,0,0,,,,,,,,,,
2382,BEILL1,3,55.2,2.2,15.3,15.5,15.5,15.5,15.8,,,,,,,,,,
2382A,MACALO,3,55,0.6,0,0,10.8,11.7,12.2,,,,,,,,,,
2383,DIPTC1,4,63.4,0.4,61.8,68.8,69.2,70.5,70.5,,,,,,,,,,
2384,POMEPA,4,61,3.5,12.4,12.8,12.8,12.5,13.6,,,,,,,,,,
2384A,SCA1SP,4,69.5,1.8,0,10.5,11,10.9,11.6,,,,,,,,,,
2385,ALPHEL,4,61.8,3.3,18.8,19.4,19.4,19.5,19.8,,,,,,,,,,
2387,OCHAAM,4,63.6,6.1,13.8,13.8,13.8,0,0,,,,,,,,,,
2388,CLE1SU,4,65.5,4.9,14.7,14.7,14.7,14.9,14.9,,,,,,,,,,
2389,GIRONE,4,67.5,4.9,23.3,0,0,0,0,,,,,,,,,,
2389A,SHORP2,4,70.5,6,0,14.1,15.4,16.8,18.6,,,,,,,,,,
2389B,GREWMI,4,71.6,6.5,0,16.6,16.8,16.8,17.2,,,,,,,,,,
2389C,SHORM1,4,73.8,6.1,0,11.2,12.5,13.8,16.2,,,,,,,,,,
2389D,SHOROV,4,74.2,3.5,0,40.9,42.6,44.3,45,,,,,,,,,,
2391,APORPR,4,69.4,7.2,11.7,11.7,11.7,11.6,11.7,,,,,,,,,,
2391A,DACRRI,4,71,7.6,15.4,19.9,20.6,21.6,20.8,,,,,,,,,,
2391B,LITHEW,4,71.5,7,0,11.5,11.7,12.3,14.2,,,,,,,,,,
2395,ALPHMA,4,67.7,15.7,23.6,28.3,0,0,0,,,,,,,,,,
2395A,SHORL1,4,68.7,18.9,35.7,37.4,38.4,40,14.5,,,,,,,,,,
2395B,SHORAC,4,69.1,17.1,16.4,28.3,30.6,33.4,37.1,,,,,,,,,,
2395C,ARCHDU,4,67.8,16.1,0,10.7,13.4,14,15.3,,,,,,,,,,
2395D,MACALO,4,67.9,16.5,0,10.9,11.1,11,11,,,,,,,,,,
2395E,DIOSRU,4,66.5,15.2,0,15.3,16.8,17.1,17.7,,,,,,,,,,
2397,MACALO,4,63.4,19,14.1,0,0,0,0,,,,,,,,,,
2398,DIOSS1,4,61.1,17.2,16,16.5,17,17.3,17.5,,,,,,,,,,
2398A,DIPLMA,4,62,15.7,0,0,10.9,11,11,,,,,,,,,,
2401,XANTEU,4,78.8,14.1,14.8,14.8,14.9,14.8,14.8,,,,,,,,,,
2407,LITHEW,4,79.3,7,20.3,20.4,21.1,21,21,,,,,,,,,,
2408,CLE1SU,4,77.9,4.6,20.9,21,21.2,21.8,24.1,,,,,,,,,,
2410,ARCHBU,4,79,1.4,18.2,18.3,12.6,12.6,18.9,,,,,,,,,,
2410A,ALANEB,4,79.2,1,0,12.5,12.7,12.6,13.2,,,,,,,,,,
2410B,SHORP1,4,76,0.4,0,0,11.5,11.8,13.5,,,,,,,,,,
2416,DIOSAP,5,81,5.4,18.6,18.3,19.1,18.2,18.5,,,,,,,,,,
2417,VATIBE,5,85.6,13.7,20.4,20.7,0,0,0,,,,,,,,,,
2418,MACALO,5,82.7,14.7,13,0,0,0,0,,,,,,,,,,
2423,OCHAAM,5,95.6,17.4,20.1,19.5,19.5,19.7,14.9,,,,,,,,,,
2423A,MACALO,5,95,18.2,14,14.2,14.3,14.9,19.2,,,,,,,,,,
2423B,ALANEB,5,95.4,17.2,0,11,10.7,10.8,11,,,,,,,,,,
2423C,OCHAAM,5,92,0.4,0,0,10.6,10.3,10.5,,,,,,,,,,
2426,DACRR2,5,98.1,16.3,14.5,14.6,14.9,14.9,15,,,,,,,,,,
2426A,QUERAR,5,98,17.1,0,13.9,14.1,14.2,14.5,,,,,,,,,,
2427,SHORP2,5,99.1,19.4,41.5,44.4,45.7,47,47,,,,,,,,,,
2427A,DILLSU,5,90,19,12.4,12.5,12.5,13.6,13,,,,,,,,,,
2430,SHORP2,5,97.4,2.1,39.7,40.9,42.3,43.6,45.1,,,,,,,,,,
2430A,ELATTA,5,96.1,2.3,0,11.4,11.4,11.3,11.2,,,,,,,,,,
2430B,PARKSP,5,99.2,3.5,0,0,12.3,12.7,12.8,,,,,,,,,,
2431,RYPAAC,5,93.7,4.3,31.5,32.2,32.4,32.1,32.5,,,,,,,,,,
2432,POL1JE,5,93.2,2.3,11.6,18.3,18.6,19.5,18.7,,,,,,,,,,
2432A,MONOMA,5,0,0,18,0,0,0,0,,,,,,,,,,
2432B,DIOSSU,5,92.5,1.2,0,10.1,10.1,10.1,10.9,,,,,,,,,,
2432C,DIOSBU,5,91.2,0.5,0,12.5,12.8,12.7,13.1,,,,,,,,,,
2433,KOOMMA,6,80.5,21,25,0,0,0,0,,,,,,,,,,
2441A,XANTRU,6,80.8,28.2,0,14.5,14.5,14.5,14.8,,,,,,,,,,
2441B,MACAHY,6,81.8,30.5,0,10.9,11.2,12.4,13.5,,,,,,,,,,
2441C,CROTLA,6,81.6,28,0,0,11.8,12.5,13.2,,,,,,,,,,
2443A,MACACO,6,81.2,22.2,0,0,11,10.8,11.2,,,,,,,,,,
2445A,MACAHY,6,89.3,31,0,14.4,15.5,16.8,18.4,,,,,,,,,,
2446A,AIDICO,6,89.8,34.2,0,0,11.8,11.9,12.1,,,,,,,,,,
2448A,DACRR1,6,0,0,17.3,0,0,0,0,,,,,,,,,,
2451,XANTEU,6,82.4,35.7,14.2,17.6,17.6,17.7,0,,,,,,,,,,
2453,PAR1OB,6,85.1,39.4,25,25.4,25.6,26.5,26.5,,,,,,,,,,
2453A,ARDICO,6,86,39,0,14,14.7,15.2,15.2,,,,,,,,,,
2453B,DIPTC1,6,86,39.2,0,0,13.1,13.1,16.3,,,,,,,,,,
2454,DIPLMA,6,89.3,37.7,16.6,16.3,16.4,16.4,17.1,,,,,,,,,,
2454A,SCA1SP,6,89.5,36.5,0,10.5,10.5,10.4,0,,,,,,,,,,
2454B,NEOBHE,6,93,36.6,0,14.5,16.3,17.4,17.1,,,,,,,,,,
2455,KNEMSC,6,81.6,38.5,17.7,0,0,0,0,,,,,,,,,,
2456,NEOBHE,6,81.7,39,41.3,41.3,53.1,54.1,54.8,,,,,,,,,,
2456A,CANALL,6,81.2,39.7,0,0,10.6,10.8,11.5,,,,,,,,,,
2465,SANTLA,6,93.6,29.9,0,17.7,18,18.5,18.1,,,,,,,,,,
2465A,ARTOIS,6,94,28.5,0,15.2,15.4,15.7,15.5,,,,,,,,,,
2465B,MACALO,6,94.8,26,0,12.2,12.4,12.4,12.4,,,,,,,,,,
2467,SANTLA,6,98.9,23.6,25.1,37,38.5,40.4,41.3,,,,,,,,,,
2467A,GARCMA,6,99,22.1,0,12.3,12.7,12.6,12.7,,,,,,,,,,
2467B,DIPTC1,6,99.5,26.4,0,12.5,13.6,14.7,15.8,,,,,,,,,,
2469,SANTLA,6,98.2,20.3,32.4,25.5,27.6,28.7,30.7,,,,,,,,,,
2469A,GARCPA,6,99.6,20.4,0,12.5,11.4,11.4,11.8,,,,,,,,,,
2471A,EUGERI,6,93.5,25.4,21.5,0,0,0,0,,,,,,,,,,
2474,BOUEOP,7,62.9,22.2,18.1,25.5,26.2,18.1,26.4,,,,,,,,,,
2477,XANTEU,7,71,25.2,23.7,0,0,0,0,,,,,,,,,,
2478,SHORM2,7,62.6,27,32.5,21.8,34.1,35.2,36.3,,,,,,,,,,
2478A,DACRRO,7,62.2,25.4,18.3,13.5,21.3,21.9,22.4,,,,,,,,,,
2478B,SHORP1,7,64.6,26,0,0,13.6,14.6,16.4,,,,,,,,,,
2487,ARTOIS,7,68.3,38.9,29.1,30,30.2,30.3,0,,,,,,,,,,
2487A,KNEMLA,7,72.5,38.5,0,10.6,11.3,11.5,0,,,,,,,,,,
2488,AIDICO,7,69.1,39.2,26.8,0,0,0,0,,,,,,,,,,
2496,EUGEKO,7,74.6,26.7,27.4,29,30.5,31.1,32.1,,,,,,,,,,
2496A,EUGETU,7,71.8,27.4,0,17.5,18.9,20.5,21.4,,,,,,,,,,
2496B,TRI3MA,7,72,28.6,0,10.9,12.4,14.1,15.3,,,,,,,,,,
2496C,SHORL1,7,72,27,0,0,10.5,12.7,12.8,,,,,,,,,,
2498A,NEPHCO,7,78,21,17.2,18.5,19.3,19.6,19.8,,,,,,,,,,
2498B,SANTLA,7,79.5,20.4,0,15.5,17.9,20.1,23.7,,,,,,,,,,
2498C,SHORL1,7,76.5,20.8,0,14.8,17.3,19.5,22.6,,,,,,,,,,
2500,SHORP1,8,47.1,23.6,37.4,42.3,42.5,42.9,42.9,,,,,,,,,,
2500B,SANTLA,8,48.5,22,0,12.3,11.7,11.7,11.9,,,,,,,,,,
2501,DIOSAP,8,44.6,26.3,26.3,26.1,26.1,28.1,28.2,,,,,,,,,,
2502,XANTEU,8,47.4,27.3,18.3,18.5,0,0,0,,,,,,,,,,
2502A,ALPHEL,8,48.2,30.2,0,11.1,12,12.2,12.5,,,,,,,,,,
2502B,DACRR1,8,44.6,29,0,0,10.2,0,0,,,,,,,,,,
2503,IXONIC,8,50,30.3,45.8,0,0,0,0,,,,,,,,,,
2504,NAUCOF,8,40.9,36.9,16.1,22.8,22.3,22.6,22.7,,,,,,,,,,
2504A,EUGECL,8,40.6,32.1,20.5,0,0,0,0,,,,,,,,,,
2504B,STERPA,8,41.4,35.4,21.2,0,0,0,0,,,,,,,,,,
2504C,PIMEGR,8,40.8,34.8,23.5,24.9,25.2,25.3,25.7,,,,,,,,,,
2504D,EUGERI,8,40.5,30.8,0,23.3,25,27.2,29.2,,,,,,,,,,
2505A,IXONIC,8,41.6,39,0,14.6,15.5,16.2,17,,,,,,,,,,
2506A,SHORM2,8,46,38.2,0,12.2,12.5,12.5,12.6,,,,,,,,,,
2506B,CROTLA,8,47.2,38.5,0,12.9,13.2,13.5,14.4,,,,,,,,,,
2507A,SHORL1,8,48.8,38.5,0,21.3,23.9,26.8,29.6,,,,,,,,,,
2507B,NEPHER,8,51,38,0,13.1,13.1,13.1,13.4,,,,,,,,,,
2508,EUGEDE,8,52,34.4,8.8,8.8,13.1,0,0,,,,,,,,,,
2514A,APORPR,8,0,0,10.8,0,0,0,0,,,,,,,,,,
2515,KOOMMA,8,56.7,36.4,61,63.5,63.7,65.2,65.2,,,,,,,,,,
2515A,SHORL1,8,54.5,22.5,0,12.1,12.4,17.2,15.5,,,,,,,,,,
2515B,SHORL1,8,55.7,22.5,0,16.1,18.9,14.8,24.3,,,,,,,,,,
2515C,SHORL1,8,55.4,36.6,0,0,11.5,13.2,15.1,,,,,,,,,,
2516A,SHORP1,8,56.2,28.4,0,0,11.9,13.7,15.6,,,,,,,,,,
2516B,DURIGR,8,56.5,30,0,0,11.9,11.9,11.8,,,,,,,,,,
2518,CALODI,8,58.3,22,34.5,0,0,0,0,,,,,,,,,,
2521,EUGEDE,9,26.4,20.2,4.3,11.2,11.1,11.7,0,,,,,,,,,,
2521B,PAYELU,9,31.3,20.8,11,18.6,18.6,0,0,,,,,,,,,,
2522,SHORL1,9,26,24.7,43.4,45.3,47.5,49.7,49.7,,,,,,,,,,
2523,CYNOMA,9,25.5,27.9,22.1,22.6,23.6,23.8,25.9,,,,,,,,,,
2524,SYMPC2,9,20.4,28.7,38.5,0,0,0,0,,,,,,,,,,
2524A,KOKOOC,9,23.2,26.6,0,0,11.7,12.4,12.4,,,,,,,,,,
2525,RYPAKU,9,21.5,32.9,17.4,17.7,17.5,17.7,17.9,,,,,,,,,,
2525A,CROTLA,9,21.8,31,0,0,11.1,11.8,12.6,,,,,,,,,,
2528A,LITSM2,9,28.2,39.2,10.6,14.9,14.3,14.4,15,,,,,,,,,,
2531,MANGQU,9,35.8,38.7,32.4,33.7,34,34.5,34.7,,,,,,,,,,
2532,ELAENI,9,36.8,33.4,26.2,39.1,40.3,40.6,0,,,,,,,,,,
2532C,ELAEFE,9,36.5,31,0,10.3,10.5,10.2,0,,,,,,,,,,
2532D,SANTLA,9,36,30.5,0,12.8,12.8,12.8,14,,,,,,,,,,
2536,DILLSU,10,0.7,21.9,20,0,0,0,0,,,,,,,,,,
2540,HORSPO,10,3.8,31.1,12.8,0,0,0,0,,,,,,,,,,
2541,NEOSKI,10,1.8,35.1,31.7,32.4,33,33,34.2,,,,,,,,,,
2541A,HORSPS,10,1,32.4,0,12.9,12.9,13,13.3,,,,,,,,,,
2541B,HUNTZE,10,0.5,35,0,12,12.3,12.5,12.8,,,,,,,,,,
2546,SANTLA,10,9.8,37.3,15.8,16.2,16.4,16.5,16.8,,,,,,,,,,
2547,QUERAR,10,10.3,39.6,68.7,68.7,6.9,69.6,69.6,,,,,,,,,,
2547A,AGLAE1,10,8.5,39.1,9.8,13.3,13.3,13.6,14.1,,,,,,,,,,
2548A,DACRRO,10,8.3,35,15.2,15.4,15.6,15.6,15.7,,,,,,,,,,
2549,DACRR1,10,12.7,33.1,16.9,17.1,18.1,18.4,18.5,,,,,,,,,,
2552,MESUGR,10,19.5,33.6,38.1,38.4,38.7,38.9,40.1,,,,,,,,,,
2553,EUGEDE,10,16.2,30.4,12.9,0,0,0,0,,,,,,,,,,
2554,GANUSN,10,19.8,38.7,14.6,15,15,14.9,0,,,,,,,,,,
2554A,SANTLA,10,19.5,38.5,0,12.3,12.9,13.8,0,,,,,,,,,,
2555,ARTORI,10,13.1,28.8,27,28.8,28.4,29.2,30.2,,,,,,,,,,
2556,KNEMMA,10,12.3,28.8,14.3,14.8,14.2,15.4,15.7,,,,,,,,,,
2557,DIOSBU,10,12.4,27.9,23.1,23.9,24.6,25.2,27.25,,,,,,,,,,
2559,POMEPA,10,14.1,26,50.2,49.5,50.9,52.1,52.1,,,,,,,,,,
2559A,INTSPA,10,15,27.4,0,10.5,11,11.5,12.5,,,,,,,,,,
2563,SHORAC,10,14.6,21.5,42.4,43.5,45,45.8,45.9,,,,,,,,,,
2563A,EUGERI,10,18.1,21.2,0,0,12,12,12.7,,,,,,,,,,
2564,KNEMSC,10,14,21.4,21.2,21.4,22.5,22.6,23.2,,,,,,,,,,
2565,DRYPLO,10,11.8,20.9,10.6,15.5,0,0,0,,,,,,,,,,
2566,MACALO,11,7.1,40.3,15.3,15.2,15.9,15.9,16,,,,,,,,,,
2569,BOUEMA,11,10.5,46,34.2,36.1,35.8,36.2,36.6,,,,,,,,,,
2569A,PSYD10,11,10.8,47.3,0,11.8,12,12,12.1,,,,,,,,,,
2569B,EUGENA,11,11.5,48.5,0,14.1,11.3,0,0,,,,,,,,,,
2569C,NEOSKI,11,13.4,47.8,0,0,11.5,11.9,12.1,,,,,,,,,,
2570,DACRR1,11,9.1,47.1,20.7,19.2,22.4,22.7,23.1,,,,,,,,,,
2570A,CALOTE,11,5.2,47.1,20.5,21.6,0,0,0,,,,,,,,,,
2570B,CINNIN,11,1.2,46.7,19.1,0,0,0,0,,,,,,,,,,
2570C,PTEIEC,11,2.5,46.2,0,12.2,12.5,13.1,13.9,,,,,,,,,,
2571,POL1JE,11,10.8,48.3,27,0,0,0,0,,,,,,,,,,
2572,DRYPLO,11,0.4,45,13.1,13.3,13.7,14,14.4,,,,,,,,,,
2572A,ARTORI,11,3,43.8,14.8,15.3,16,12,15.8,,,,,,,,,,
2572B,DIOSAP,11,0,0,25.9,0,0,0,0,,,,,,,,,,
2572D,IXONIC,11,3.7,40.4,14.1,21.2,22.5,23.7,24.9,,,,,,,,,,
2572E,EUGEPU,11,3.8,44.4,0,0,10.2,11,11.4,,,,,,,,,,
2574,DIALPA,11,5.1,57.3,17.4,17,17.4,17.5,17.5,,,,,,,,,,
2575,EUGEFI,11,3.3,55.3,19.4,20.5,20.8,21.2,21.4,,,,,,,,,,
2575A,SHORP1,11,1.2,56.2,23.1,27.2,29.1,30.5,30.8,,,,,,,,,,
2575B,PAYELU,11,6.5,56.2,0,12.3,12.9,13.5,13.6,,,,,,,,,,
2575C,APORAU,11,5.4,53.4,0,11.8,11.9,12,12.2,,,,,,,,,,
2576,HERISI,11,1.3,57.8,22.2,20.8,20.8,20.7,0,,,,,,,,,,
2578,MALLPE,11,12.2,57.8,23.5,23.8,23.7,23.8,24.1,,,,,,,,,,
2579,HORSS2,11,2.4,57.8,23.5,0,0,0,0,,,,,,,,,,
2587,MADHL1,11,19,55.3,12,13.2,13.5,14.2,14.3,,,,,,,,,,
2589A,ARCHCL,11,15.5,51,0,14.6,12.8,12.7,15.5,,,,,,,,,,
2590,PEN1MO,11,16.5,48.7,66.5,66.5,66.8,67.2,67.4,,,,,,,,,,
2590A,XANTAF,11,16.3,49,0,10.5,10.6,10.7,10.9,,,,,,,,,,
2591,KIBAAR,11,19.5,46.4,16.7,17.4,17.4,17.5,17.6,,,,,,,,,,
2592,KNEMHO,11,20,45.1,12.6,13.3,13,12.8,12.9,,,,,,,,,,
2593A,PIMEGR,11,14.4,41.3,23,23.5,24.1,24.4,25.4,,,,,,,,,,
2594,RYPAAC,12,23.6,42,16.3,16.8,17.1,17.4,18.6,,,,,,,,,,
2595,CANALT,12,24.8,42.3,13.2,15.3,15.1,15.2,15.2,,,,,,,,,,
2596,SHORM2,12,27.4,42.4,18.6,18.7,18.5,18.8,18.8,,,,,,,,,,
2597,ATUNEX,12,25.7,44.4,49.1,0,0,0,0,,,,,,,,,,
2598,LEPISE,12,28.2,46.2,15.3,20.6,21.3,21.7,21.8,,,,,,,,,,
2601,ANI1LA,12,23.4,46.2,20.3,21.1,21.5,21.7,22.5,,,,,,,,,,
2603,ANI1LA,12,25.3,51.9,30.5,31.1,32.2,33.2,35.1,,,,,,,,,,
2604A,TRIOMA,12,25.8,55.2,0,16,17.8,19.3,21.2,,,,,,,,,,
2604B,PYREAC,12,23.5,57,0,16.2,16.9,17.2,17.8,,,,,,,,,,
2610A,KNEMLA,12,37.6,58.7,0,0,11.5,11.4,11.6,,,,,,,,,,
2612,SANDKO,12,34.3,49.2,22.2,22.4,22.7,22.9,23.2,,,,,,,,,,
2612A,DACRR1,12,36.2,57,0,10.4,10.4,10.3,10.5,,,,,,,,,,
2613,SCA1SP,12,35.2,48.2,13,13,13,11.4,11.9,,,,,,,,,,
2614,MEL1AU,12,35.2,47,27.2,27.8,28.8,28.4,29.7,,,,,,,,,,
2614A,MACALO,12,35.5,46.4,0,0,11,11.1,11.5,,,,,,,,,,
2614B,CROTLA,12,36.6,47.2,0,0,11,10.6,10.9,,,,,,,,,,
2615,BEILKU,12,34.7,45.9,14,15,14.7,15.2,15.9,,,,,,,,,,
2616,RYPAAC,12,32,46.7,12.6,12.9,13,13,13.2,,,,,,,,,,
2617,ALANRI,12,31.6,49.8,23,23.4,23.7,24.2,24.8,,,,,,,,,,
2618,CANALR,12,30.9,43.5,22.4,22.5,22.3,22.8,23.8,,,,,,,,,,
2618A,EUGEO1,12,30.8,40.4,0,10.8,10.9,10.9,11.3,,,,,,,,,,
2632,XANTEU,13,46.4,54.9,18,14.6,14.6,14.6,29.5,,,,,,,,,,
2632A,ARCHBU,13,44.5,54.2,0,15.1,16.4,17.5,19,,,,,,,,,,
2632B,CROTLA,13,42.4,53.2,0,20.8,21,21.1,21.4,,,,,,,,,,
2632C,AIDIWA,13,42,51.5,0,23.5,24.9,28.1,29.8,,,,,,,,,,
2634,SANTAP,13,42,59.4,19.5,19.8,19.9,19.7,20.1,,,,,,,,,,
2634A,TRI3LA,13,40.2,59,9.5,11.5,11.5,11.4,11.8,,,,,,,,,,
2635,PTYCCO,13,45.4,59.7,12.3,12.3,12.3,12.7,12.3,,,,,,,,,,
2635A,SHORAC,13,44.8,58.3,39,41.8,41.8,43.9,44.8,,,,,,,,,,
2636A,SHORL1,13,54.1,56.3,0,15,18,21.3,27.6,,,,,,,,,,
2636B,DACRR1,13,53.8,58.4,0,15.5,16.6,17.3,18.3,,,,,,,,,,
2637,POMEPA,13,58,40.3,52.5,52.5,52.6,52.8,52.8,,,,,,,,,,
2641,KOOMMA,13,56.8,41.8,63.5,0,0,0,0,,,,,,,,,,
2643,LITHCU,14,61.7,53,15.3,17.3,17.3,0,0,,,,,,,,,,
2643A,AAAAAA,14,62.4,48.3,0,12.9,0,0,0,,,,,,,,,,
2643B,SAPIBA,14,62.6,50.2,0,18.5,21.1,23.1,24.5,,,,,,,,,,
2643C,EUGERI,14,63,53.1,0,13.5,14.1,14.2,14.5,,,,,,,,,,
2645A,DIOSSI,14,67.7,51.1,12.4,12.5,12.5,12.4,12.8,,,,,,,,,,
2646,PAR1OB,14,64.5,54.5,22,22,22,0,0,,,,,,,,,,
2648A,SANDKO,14,72.7,48.2,17.3,17.8,1.5,17.4,17.6,,,,,,,,,,
2648B,LITHCU,14,69.2,48,9.8,12.9,13.2,14.1,17.9,,,,,,,,,,
2648C,GYNOAX,14,66.5,47.5,27,29.5,31.1,32.1,33.5,,,,,,,,,,
2648D,BEILDI,14,67.2,50,0,12.8,13.2,13,13.4,,,,,,,,,,
2648E,MYRIM3,14,66,59.5,0,11.2,8.6,11.4,11.8,,,,,,,,,,
2649,GLUTM2,14,73.4,52.3,42.4,62.9,63.2,64.2,64.3,,,,,,,,,,
2649A,RYPAKU,14,72.6,50.5,12,16,16.7,16.4,16.8,,,,,,,,,,
2649B,PIMEGR,14,72.5,52,0,13.2,13.7,13.9,14.3,,,,,,,,,,
2649C,SHORM2,14,71.4,52.2,0,14.8,15.2,16.5,16.7,,,,,,,,,,
2650,ORMOPE,14,75.5,48.4,58.3,65.4,67.2,68.4,68.4,,,,,,,,,,
2652,DIPLMA,14,77.6,55.3,16.4,16.8,16.9,17.2,17.7,,,,,,,,,,
2653,PAROVA,14,78.8,57.8,22,21.1,21.2,21.4,22.1,,,,,,,,,,
2657,MANGQU,14,76.7,44.2,14.7,15.2,15.2,15.2,15.1,,,,,,,,,,
2657A,PORTAN,14,75.8,44.5,0,14.3,14.7,15,15.4,,,,,,,,,,
2657B,NOTHUM,14,72.5,45,0,12.2,12.5,12.8,13.2,,,,,,,,,,
2657C,STYRBE,14,75.2,40.5,0,17.8,19.6,19,22.2,,,,,,,,,,
2657D,POL1HY,14,72.6,40.5,0,24.8,25.9,26.5,27.3,,,,,,,,,,
2662,VATIBE,15,85.8,45,14.5,15.1,15.3,15.3,15.4,,,,,,,,,,
2662A,MESUFE,15,85,45.7,13.3,14.6,13.8,14.9,15.3,,,,,,,,,,
2662B,MACATR,15,81.2,45.6,0,0,11.7,12.1,12.3,,,,,,,,,,
2666,INTSPA,15,88.1,51.2,40.5,40.5,40.8,40.3,40.8,,,,,,,,,,
2666A,ARTOIS,15,86.6,49,0,15.1,15.7,15.9,16,,,,,,,,,,
2666B,PIMELO,15,90.8,49.2,0,13.5,13.7,13.4,13.8,,,,,,,,,,
2666C,DIOSBU,15,91.5,51.1,0,11.6,12,12.1,12.3,,,,,,,,,,
2667A,MONOMA,15,97,52,0,15.7,17.8,19.1,19.3,,,,,,,,,,
2669,MANGQU,15,85.8,59.6,60.2,60.2,63.5,64.7,64.7,,,,,,,,,,
2669A,GARCMA,15,84.4,59.2,0,16.7,11.6,11.6,11.4,,,,,,,,,,
2670,EUGEFL,15,87.1,58.7,40.6,40,40.6,40.6,46.1,,,,,,,,,,
2671,TEIJCO,15,89.9,59.5,55.9,55.9,60,52.3,52.5,,,,,,,,,,
2674A,AGLASP,15,97.2,51.2,0,0,10.8,10.8,11.7,,,,,,,,,,
2676,XANTST,15,96.3,59.5,41.9,42.6,44.1,45.5,45.7,,,,,,,,,,
2676A,NEOSKI,15,94.8,57,0,10.8,11,10.8,11.3,,,,,,,,,,
2677B,TEIJCO,15,99.4,41.8,20.4,14.1,14,14,15.3,,,,,,,,,,
2677C,LITHRA,15,97.8,44,24,26.8,29,30.7,32.4,,,,,,,,,,
2677D,SHORP1,15,97.2,44.2,0,14.5,13.3,15.5,18.3,,,,,,,,,,
2677E,VATIOD,15,97,44.6,0,16.8,11.7,11.7,12,,,,,,,,,,
2677F,ALPHEL,15,95.2,45.8,0,12.8,13.5,13.5,14,,,,,,,,,,
2679,SHORM2,15,93,44.4,27.3,16.1,15.9,16.2,16.6,,,,,,,,,,
2682,DIPTC1,16,85.1,61.6,40,41.5,42,42.6,44,,,,,,,,,,
2682A,MEMEO1,16,81,62,14.3,14.8,14.6,15.9,14.8,,,,,,,,,,
2682D,PELLSA,16,80.5,60.5,0,16,16.2,16.3,16.47,,,,,,,,,,
2683,XANTEU,16,90.4,70.2,14.6,14.5,14.5,14.4,12.5,,,,,,,,,,
2683A,MONOMA,16,95.6,60.2,13.8,13.9,13.3,14.4,14.4,,,,,,,,,,
2683B,SANTLA,16,93.3,60.2,0,12.6,12.8,13,13.4,,,,,,,,,,
2685,XANTEU,16,84.8,69.7,11.8,11.9,11.8,11.9,12,,,,,,,,,,
2686,MESUFE,16,80.9,71.3,36.4,36.4,36.7,37,37.7,,,,,,,,,,
2687,DIPTC1,16,80.1,71.9,78.7,79,79.6,80.2,80.2,,,,,,,,,,
2688,MESURA,16,81.3,73.5,24.7,25.2,25.5,25.5,25.8,,,,,,,,,,
2690,OCHAAM,16,85.1,71.7,14.5,0,15.1,15,15.4,,,,,,,,,,
2691,KNEMST,16,87.8,78.9,30.9,31.8,32.5,33.1,30.4,,,,,,,,,,
2693,DACRLA,16,87.7,76.7,13.9,14,14,14.2,14.4,,,,,,,,,,
2695,CYNOMA,16,89.9,75.6,59,59,59.2,60.1,60.1,,,,,,,,,,
2696,ELAENI,16,91.8,68.4,28,28.3,28.3,28.3,28.3,,,,,,,,,,
2696A,DRYPKI,16,90.5,72,0,12.2,12.3,12.6,13.2,,,,,,,,,,
2698,BACCSU,16,96.2,73.1,18,18.4,18.5,18.2,0,,,,,,,,,,
2698A,SHOROV,16,95.8,74.6,35.1,36.6,38.3,39.8,41.1,,,,,,,,,,
2698B,ARTOIS,16,94.6,76.5,13.6,14.4,14.7,15.3,15.7,,,,,,,,,,
2699,ARCHBU,16,93.6,68.3,19.8,21.8,23,22.5,24.2,,,,,,,,,,
2699A,SHORAC,16,93.3,70.3,20.2,21.9,23.1,24.9,26.2,,,,,,,,,,
2700,HERIEL,16,98.5,65.2,13.4,14,14.1,14.5,14.9,,,,,,,,,,
2701,PAR2DE,16,100,61.7,70.8,0,0,0,0,,,,,,,,,,
2723,XANTEU,17,75.2,77.6,10.1,2.9,9.9,0,0,,,,,,,,,,
2705,CALODI,17,60.3,60.3,25.5,26.2,26.4,26.4,26.8,,,,,,,,,,
2706,CYATRA,17,69.5,60.7,33.5,33.6,33.6,33.1,23.8,,,,,,,,,,
2707,BARRPE,17,69,65.5,28.5,28.4,28.6,28.6,28.8,,,,,,,,,,
2709,DACRLA,17,64.3,65.2,11.6,14.7,11.8,11.7,11.8,,,,,,,,,,
2710,SHORAC,17,62.5,63.2,54,54,57.3,58.2,60.6,,,,,,,,,,
2712,MONOMA,17,63.3,68.9,18.3,19.4,19.5,19.8,20.2,,,,,,,,,,
2713,DIOSMA,17,64.1,69.1,17.8,18,18,18,18.1,,,,,,,,,,
2714,SINDWA,17,62.9,72,42.9,44.6,44.9,45,45.5,,,,,,,,,,
2715,MILLAT,17,67.5,71.9,13.3,13.6,13.6,13.8,14.2,,,,,,,,,,
2717A,AGLAGL,17,62.4,74.6,0,0,10.5,10.8,11.2,,,,,,,,,,
2718,SHORM1,17,62.8,77,23.2,23.8,24.2,24.9,26.1,,,,,,,,,,
2719,MILLAT,17,62.2,78.4,12,11.9,12.1,12.5,12.4,,,,,,,,,,
2719A,CANTDI,17,63.8,78.1,20.4,20.6,20.7,20.7,20.6,,,,,,,,,,
2720A,KNEMLA,17,70.6,70.2,0,11.3,11.9,12,12.5,,,,,,,,,,
2724,ELAERU,17,75.8,77.3,10.6,31.5,41.2,41.2,43.2,,,,,,,,,,
2724A,CANTDI,17,78.7,77.1,14.3,12.4,16.8,16.6,16.7,,,,,,,,,,
2725,MANGG2,17,76.2,71.4,42.4,43.8,44.5,45.2,46.4,,,,,,,,,,
2728,EUGEPU,17,71.8,68.2,14.5,14.7,14.9,14.9,14.9,,,,,,,,,,
2728A,NEPHCO,17,72.5,67,11.7,11.7,11.8,11.7,11.9,,,,,,,,,,
2729,SHORM1,17,74.3,66.9,25.7,26.2,26.8,27.8,28.2,,,,,,,,,,
2730,CYATRA,17,71.8,64.5,24.3,0,0,0,0,,,,,,,,,,
2731,BACCRE,17,71.3,62.3,14.3,16.7,16.8,17,17.3,,,,,,,,,,
2733,DRYPLO,17,72.7,60.2,13.6,14,14.6,15.1,16.1,,,,,,,,,,
2734,VATIBE,18,49.3,62.9,17.6,18.2,18.7,19,19.3,,,,,,,,,,
2736,XANTRU,18,45.9,63.6,23.4,24,24,24,24.2,,,,,,,,,,
2736A,MACALO,18,45,62.3,0,11,11.1,11.1,11.2,,,,,,,,,,
2737,EUGEO1,18,45.8,64.9,55.8,55.8,56,56.9,56.9,,,,,,,,,,
2737A,SHORM2,18,46.2,66.2,0,13.8,14.1,15,15.4,,,,,,,,,,
2738A,DACRRO,18,48,64,0,11.5,11.6,11.6,11.8,,,,,,,,,,
2740,CANTDI,18,41.4,71.6,20.1,20.5,0,0,0,,,,,,,,,,
2740B,CANTDI,18,42.4,70.4,14.9,14.5,14.6,0,0,,,,,,,,,,
2741,BARRPE,18,43.1,75.9,17.3,17.2,17.2,17.2,17.3,,,,,,,,,,
2741A,SHORL2,18,41.5,78.2,56.2,57.3,58.7,61.8,61.8,,,,,,,,,,
2742,DIOSBU,18,54,72.2,14.8,15.1,15.2,15.2,15.3,,,,,,,,,,
2742A,POL1RU,18,51.8,73,0,10.2,10.4,10.5,11,,,,,,,,,,
2743,MONOMA,18,54,71.4,23.8,33.6,34.2,34.8,26.9,,,,,,,,,,
2743A,GIROPA,18,48.4,71.7,11.3,11.3,11.4,11.2,11.3,,,,,,,,,,
2745,SHORM2,18,57.3,73,93.2,93.2,93.3,93.8,93.8,,,,,,,,,,
2747,ANTICO,18,57.8,73.4,20.1,20.4,20.5,20.6,20.3,,,,,,,,,,
2748A,GARCEU,18,48.3,77.5,40.7,42.6,44,45.1,46.8,,,,,,,,,,
2748B,CYATRA,18,47.7,77.4,0,17.8,18.3,0,0,,,,,,,,,,
2749,ARTOLO,18,55.1,76.2,19,0,20,20.1,20.1,,,,,,,,,,
2749A,PAYELU,18,54,76,0,12.1,12.1,12.1,12.2,,,,,,,,,,
2749B,PAROVA,18,53.2,76.2,0,11.9,12,12.1,12.2,,,,,,,,,,
2751,PAROVA,18,58.5,68.4,14.5,14.4,14.5,14.4,14.5,,,,,,,,,,
2752A,DIOSAP,18,56.2,68.8,13.3,15.7,13.9,13.1,14.2,,,,,,,,,,
2754B,MEL1AN,19,23.5,62.6,0,10.6,10.6,10.6,10.8,,,,,,,,,,
2763,XERONO,19,25.6,78.7,23.8,24.3,25.2,25.1,25.5,,,,,,,,,,
2763A,EUGEP4,19,24.2,77.6,22.2,24.6,25.5,27.2,29.6,,,,,,,,,,
2763B,ARTOKE,19,26.2,75.4,0,14.1,11.1,11.2,11.2,,,,,,,,,,
2768,DRYPLO,19,33.6,75.1,11.6,11.6,11.6,0,0,,,,,,,,,,
2768A,POL1JE,19,33.1,74,0,14.5,15.2,13.2,15.2,,,,,,,,,,
2771,SHORM1,19,35,79.6,24.1,24.5,24.5,24.4,24.5,,,,,,,,,,
2771A,LITHEW,19,33.2,79.4,0,0,10.5,10.8,11.4,,,,,,,,,,
2773,GANUSN,19,39.3,74.4,14.9,15,15,15,15.2,,,,,,,,,,
2774A,SHORBR,19,34.1,69.5,24.5,25.3,25.9,26.8,27.8,,,,,,,,,,
2774B,PORTAN,19,35,69.4,18.8,16.3,19.3,19.8,20.5,,,,,,,,,,
2774C,SHORAC,19,36.2,72,24.2,26,26.9,27.9,29.4,,,,,,,,,,
2775,DIPTC1,19,37.4,66.2,12.6,12.8,12.8,12.6,12.7,,,,,,,,,,
2775A,XERONO,19,36.4,67.2,0,12,12.1,12.4,12.8,,,,,,,,,,
2775B,SHORM1,19,38.8,67.4,0,10.8,10.9,10.9,11.5,,,,,,,,,,
2776,MESUFE,19,38.7,64.5,18,18.3,18.5,18.6,18.8,,,,,,,,,,
2777A,NEOBHE,19,37,62.4,21.6,23.1,24,24.6,25.7,,,,,,,,,,
2777B,GIRONE,19,34.4,70.1,0,30.8,31.1,31.7,32.8,,,,,,,,,,
2777C,SHORP2,19,33.5,60.6,0,10.5,11.7,10.5,10.7,,,,,,,,,,
2778,MANGQU,20,4.5,62.7,11.9,12,12,11.9,12,,,,,,,,,,
2778A,MACACO,20,1.2,64,0,13.1,14.9,16.7,18.8,,,,,,,,,,
2780,MESURA,20,10,63,16.4,17.1,17,17,17.1,,,,,,,,,,
2781,POPOTC,20,9.8,64,15,15.1,15.6,15.4,15.4,,,,,,,,,,
2787,ARTOSC,20,8.6,77.3,32.2,32.6,32.6,32.8,32.5,,,,,,,,,,
2788A,BLUMTO,20,6.8,67.2,13.8,15,15.8,0,0,,,,,,,,,,
2788B,MACACO,20,6.1,69.2,0,11,13.5,16,16,,,,,,,,,,
2794,SHORP2,20,17.6,74.4,22,22.2,22.9,24.5,24.9,,,,,,,,,,
2795,LANSDO,20,17.4,73.7,12.4,12.4,12.5,12.5,12.7,,,,,,,,,,
2795A,SINDWA,20,13.1,72.9,29.2,31.3,32.8,34.5,36.5,,,,,,,,,,
2795B,MESURA,20,13.5,73,0,12.7,12.7,0,0,,,,,,,,,,
2800,DACRCO,20,19.6,64.6,22.6,23,23.5,23.8,24.5,,,,,,,,,,
2800A,SANTLA,20,11.2,64.2,41.8,44.8,46.9,49.3,51.7,,,,,,,,,,
2800B,SCA1SP,20,18.8,65.2,0,10.7,10.8,10.6,10.8,,,,,,,,,,
2802,NAUCOF,20,16.1,61.2,31.2,32,31.8,32,32.5,,,,,,,,,,
2803,ALANRI,20,13.6,60.9,17.5,18.4,18.7,19,19,,,,,,,,,,
2803A,MESURA,20,13.2,61.5,0,12.2,13,13.6,14.1,,,,,,,,,,
2803B,MADHCU,20,14,62.4,0,10.8,10.5,10.6,10.8,,,,,,,,,,
2804A,ACROPO,21,1.6,81.3,0,0,13.8,14,0,,,,,,,,,,
2805,IXONIC,21,8.1,80.6,39.3,39.3,39.8,39.7,40.1,,,,,,,,,,
2805A,SHORL1,21,4.6,80.5,0,30.5,34.4,37.7,37.8,,,,,,,,,,
2805B,ARCHBU,21,5.1,82,0,13,14.7,15.4,17.5,,,,,,,,,,
2805C,CYNOMA,21,5,84.2,0,16,16.9,10.7,10,,,,,,,,,,
2805D,MEMEEX,21,0.6,83.5,0,11,11,11.2,11.1,,,,,,,,,,
2807,DACRR1,21,7.9,86,19.3,19.2,0,0,0,,,,,,,,,,
2807A,HOPEME,21,8.8,82.8,11.7,12.5,0,0,0,,,,,,,,,,
2807B,HOPEME,21,8.8,84,0,12.5,0,0,0,,,,,,,,,,
2809,IRVIMA,21,14.2,86.9,61.5,61.5,61.5,62.1,62.1,,,,,,,,,,
2812,DACRR1,21,3.4,93,18.8,18.7,18.9,19,19.4,,,,,,,,,,
2814A,PIMEGR,21,11.3,95.9,23.1,24.3,24.9,25.3,25.7,,,,,,,,,,
2814B,PYSOGR,21,13.2,91.4,0,15.4,16.2,16.9,18.1,,,,,,,,,,
2814C,CRY1GR,21,14,90,0,10.8,10.9,11.1,11.6,,,,,,,,,,
2815,ARTOSC,21,6.1,97.6,18.5,18.6,18.6,18.7,18.7,,,,,,,,,,
2816,EUGEGR,21,7,99.4,21.8,21.7,22.1,22.3,22.4,,,,,,,,,,
2817,SINDVE,21,2.6,96.3,71.8,72.7,71.9,72.6,72.6,,,,,,,,,,
2817A,PAYELU,21,4,97.2,0,0,10.3,0,0,,,,,,,,,,
2818,DACRRO,21,1.7,96.3,15.5,16.1,16.4,16.4,17.3,,,,,,,,,,
2819,SANTLA,21,11.9,98.2,17.2,18.1,18.8,19.3,19.5,,,,,,,,,,
2820,DRYPLO,21,17.3,97,14.9,15.1,15.3,15.2,15.6,,,,,,,,,,
2822,XANTEU,21,18.9,96.4,10.8,12.5,12.5,12.3,12.4,,,,,,,,,,
2824,CANTDI,21,19,83.5,21,21.4,21.6,0,0,,,,,,,,,,
2825,EUGEGR,21,15.7,83.2,23.7,23.5,23.8,24.3,24.3,,,,,,,,,,
2827,MONOMA,21,19.2,89.7,29.6,30.5,31,32.4,33.1,,,,,,,,,,
2827B,XANTRU,21,19.2,80.4,0,10.2,10.3,10.4,10.6,,,,,,,,,,
2830,PTEREC,22,28.4,85.4,31.8,33.2,3.7,33.6,34,,,,,,,,,,
2830A,KNEMSC,22,26,83.1,11.8,11.8,12,11.9,12.1,,,,,,,,,,
2831,MANGQU,22,28.7,86,14.3,14.5,14.8,14.8,15.2,,,,,,,,,,
2832,GIRONE,22,24.1,86.6,30.7,32,32.1,31.8,0,,,,,,,,,,
2833,MONOMA,22,20.2,88.5,33,36,36.5,37.2,37.5,,,,,,,,,,
2834,SHORBR,22,22.5,90.4,31.2,31.8,32.7,33.5,34.6,,,,,,,,,,
2834A,POL1HY,22,27.4,90.2,0,13,13.6,14.4,15.3,,,,,,,,,,
2836,MALLPE,22,27.3,92.2,15.1,15.2,15.2,15.2,0,,,,,,,,,,
2840,BARRPE,22,25,98.3,23.1,23.6,24,24.2,24.6,,,,,,,,,,
2843,EUGEP3,22,31,95.2,102.3,102.3,102.3,103.5,103.8,,,,,,,,,,
2844,KNEMSC,22,30.9,99.7,16.1,16.8,17.1,17.5,17.9,,,,,,,,,,
2845,EUGES2,22,33.5,98,28.2,29.1,29.5,29.9,30,,,,,,,,,,
2846,CALODI,22,32.4,94.5,19.7,0,0,0,0,,,,,,,,,,
2848,APORBR,22,35.5,90,12.4,12.2,12.4,12.4,12.4,,,,,,,,,,
2850,BEILM2,22,36.9,98,13.1,13.4,13.4,13.4,13.5,,,,,,,,,,
2851,SHORM2,22,38.4,99.2,44.7,45,47.1,50.4,50.8,,,,,,,,,,
2854,BEILM2,22,32.4,85.9,47.4,46.5,46.5,47,48.2,,,,,,,,,,
2856,HOPEME,22,33.5,83.6,16.9,24,24.9,25.6,26.4,,,,,,,,,,
2859,GORDSI,23,41.1,81.3,11,17.7,17.9,18,18.2,,,,,,,,,,
2859A,MEL1AN,23,44.2,80.6,9.1,10.8,11,11,11,,,,,,,,,,
2860,SHORM1,23,40.8,82.9,19.6,25.7,25.7,25.7,0,,,,,,,,,,
2860A,CROTLA,23,41.7,82.5,0,11.7,11.8,12.2,12.3,,,,,,,,,,
2860B,DIOSSU,23,43.8,83.2,0,11.3,11.7,11.7,12.1,,,,,,,,,,
2861,EUGEP3,23,43.8,86.9,19.6,20.1,20.4,20.2,20.7,,,,,,,,,,
2862,SHORL1,23,46.5,88.4,48.4,49.4,50.7,51.4,52.5,,,,,,,,,,
2863,DIPTC1,23,47.1,91.9,13,13,0,0,0,,,,,,,,,,
2864,MESUFE,23,45.5,92.2,23.4,23.8,23.7,23.5,23.7,,,,,,,,,,
2865,EUGERI,23,40.3,91.9,17.6,0,0,0,0,,,,,,,,,,
2866,KNEMMA,23,40.1,93.7,35.5,35.6,35.7,35.6,35.6,,,,,,,,,,
2867,KNEMMA,23,42.3,95.4,11.2,11.2,11.3,11.1,11.5,,,,,,,,,,
2867A,DACRR1,23,40.8,95.8,11.2,0,0,0,0,,,,,,,,,,
2867B,SHORM1,23,43.8,96.1,18.3,18.5,18.9,19.3,20,,,,,,,,,,
2868,DACRR1,23,45,99.4,19.1,20.1,20,21.1,20.1,,,,,,,,,,
2869,PTEREC,23,49,97.3,13.9,16,16.5,17,18,,,,,,,,,,
2870,BACCRE,23,49.3,95,13.1,13.1,13.2,13.2,14.4,,,,,,,,,,
2870A,MIC1CA,23,51.4,95.4,0,10.8,10.4,10.5,10.7,,,,,,,,,,
2871,PEN1MO,23,53.6,99.3,44.7,0,0,0,0,,,,,,,,,,
2871A,MONOMA,23,52.8,99.7,0,0,10.4,12.1,12.2,,,,,,,,,,
2871B,AGLASP,23,54.6,97.8,0,0,11.8,10.8,11.9,,,,,,,,,,
2871C,MONOMA,23,53.5,99.8,0,0,10.7,11.4,11.3,,,,,,,,,,
2873A,MEMEMI,23,59.9,99,11.5,11.7,11.8,11.7,11.8,,,,,,,,,,
2873B,ATUNPE,23,58.6,97.8,0,0,10.4,10.7,10.9,,,,,,,,,,
2874,MEL1FU,23,59.4,88,16.9,17.5,18.2,18.6,0,,,,,,,,,,
2875B,PIMEGR,23,47.2,86,19.1,19,19.6,19.7,20.2,,,,,,,,,,
2880,CYNOMA,23,48.9,85.6,26.4,27.1,27.6,28.6,29.5,,,,,,,,,,
2881,SANDKO,23,50.2,84.2,30.1,30,30.5,30.6,30.4,,,,,,,,,,
2881A,EUGEDU,23,50.7,82.9,15.5,16,16.1,16.4,16.6,,,,,,,,,,
2881B,PORTAN,23,52.2,81.2,11.6,11.8,11.8,11.6,0,,,,,,,,,,
2882,KNEMSC,23,55.1,82.7,16,16.2,16.7,17.2,17.4,,,,,,,,,,
2882A,PAYELU,23,54.2,84.1,13.9,13.9,14.4,14.4,14.4,,,,,,,,,,
2884,NEOSKI,23,59.3,82.7,35.4,36,36.4,36.8,37.2,,,,,,,,,,
2886,PAYELU,23,55.6,86.2,18.2,19.4,20.2,20.8,21.6,,,,,,,,,,
2886A,KNEMSC,23,48.4,88,0,11.1,11.4,11.6,11.8,,,,,,,,,,
2994,XANTRU,23,47.3,99.9,22.2,22.7,23.1,23.9,24.3,,,,,,,,,,
2888,BARRPE,24,79.7,85.6,35,34.8,0,0,0,,,,,,,,,,
2889,SHORM2,24,60.5,89,23.9,24,24.1,24.2,0,,,,,,,,,,
2890,EUGEC1,24,63.5,87.9,30,0,0,0,0,,,,,,,,,,
2891A,MONOMA,24,67,90,26,27.9,29.2,30.4,31.7,,,,,,,,,,
2892,DACRR1,24,65.7,91.4,18,20.2,20.7,20.9,21.1,,,,,,,,,,
2894,DACRR1,24,64.4,93.4,12,20.2,20.2,20.3,0,,,,,,,,,,
2895,MESURA,24,64.1,94,18.1,19.4,20.5,21.7,22.6,,,,,,,,,,
2898A,XANTEU,24,64.4,99.5,0,0,12.8,13.2,13.2,,,,,,,,,,
2899,CROTLA,24,61.8,98,19.8,0,0,0,0,,,,,,,,,,
2901,SHORM1,24,70.5,89,28,28.4,28.3,28.5,29,,,,,,,,,,
2902,DRYPLO,24,70.8,95.7,14.4,14.9,15,15,15.4,,,,,,,,,,
2903,DIPTC1,24,78.5,97.5,25.3,26.3,0,0,0,,,,,,,,,,
2904,KNEMMA,24,78.7,98.2,16.8,17.6,18.2,18.7,19.4,,,,,,,,,,
2906,SHORM1,24,75.9,83.2,14.3,14.2,14.5,14.7,15.2,,,,,,,,,,
2906A,LITSFI,24,78.3,83,0,14.2,14.4,12,0,,,,,,,,,,
2907,NAUCOF,24,73.8,81,12,12,12.1,12.3,12.3,,,,,,,,,,
2908,SHORL2,24,69.6,83.1,95.8,95.8,95.8,96.7,96.8,,,,,,,,,,
2909,TIMOWA,24,67.6,81.4,14.1,14.1,14.1,13.9,14.2,,,,,,,,,,
2989,DIOSSI,24,72.4,99.6,13.2,13.3,14.5,13.3,13.5,,,,,,,,,,
2910A,APORBR,25,82,81.6,13,9.9,13.2,13.5,13.6,,,,,,,,,,
2911,CASTME,25,86.4,82.6,29.9,18.9,33.2,34.5,36.7,,,,,,,,,,
2911A,MEMEAM,25,85.2,83,0,0,12.7,12.7,13.2,,,,,,,,,,
2911B,APORAU,25,87.4,84,0,0,12.1,12.4,12.8,,,,,,,,,,
2912,ALANRI,25,90.8,80.7,11.5,14.2,11.4,11.5,11.6,,,,,,,,,,
2912A,DACRR1,25,89.8,81.6,0,11.7,12,12.7,13.3,,,,,,,,,,
2913,STERPA,25,91.6,84.9,20.1,21.5,22.1,22.8,23.4,,,,,,,,,,
2914,EUGEC1,25,94.1,86.2,20.1,22.2,23,24.4,25.1,,,,,,,,,,
2914A,ELAEP3,25,93.5,85,0,12.7,12.2,13.2,13.2,,,,,,,,,,
2914B,ARTOKE,25,94,83.2,0,11.8,12,12,12.2,,,,,,,,,,
2914C,APORBR,25,96,83.5,0,10.1,10.2,10.4,10.4,,,,,,,,,,
2915,DIPLMA,25,94.3,86.8,14.1,15.1,15.8,16,16.9,,,,,,,,,,
2917,CALOTE,25,88.4,90.3,22.4,23.6,24.6,25.3,26,,,,,,,,,,
2919,POL1RU,25,82.6,89.8,18.4,18.9,18.9,19.3,19.6,,,,,,,,,,
2920,EUGEC1,25,80.3,86,17.7,17.8,18,17.9,18.1,,,,,,,,,,
2920A,DIPTC1,25,85.3,88.2,11.3,11.4,11.4,9.7,11.6,,,,,,,,,,
2921,DRYPLO,25,80.7,91.6,14.8,14.9,15,14.9,15.1,,,,,,,,,,
2921A,ELLATA,25,80.4,93.4,10.9,10.9,10.8,11,11,,,,,,,,,,
2923,SHORM1,25,82.7,95.2,16.7,17.4,18.5,19.2,20.4,,,,,,,,,,
2924,EUGEC1,25,83.4,96.1,26.1,16.5,16.8,17.4,18,,,,,,,,,,
2926,SHORP2,25,85.5,98.1,63.5,63.5,64.8,67.3,67.5,,,,,,,,,,
2927,GIRONE,25,86.8,95.3,13.8,14,14.8,14.9,15.1,,,,,,,,,,
2929,DIPTC1,25,90.5,95.1,21.7,22,22.1,22.2,22.3,,,,,,,,,,
2930,CANALR,25,93.1,95.1,61.3,61.4,61.7,61.7,61.8,,,,,,,,,,
2931,DYERCO,25,93.5,95.4,41.2,42.1,41.7,41.4,41.6,,,,,,,,,,
2932,INTSPA,25,91.4,93.7,23.7,24.2,24.1,23.9,23.8,,,,,,,,,,
2933,EUGESP,25,91.8,93.7,17.3,17.2,0,0,0,,,,,,,,,,
2933A,SHORM1,25,92,93.3,11.3,11.6,12.2,12.5,13.2,,,,,,,,,,
2935,DIPTC1,25,97.6,94.5,19.5,20.1,20.5,21.3,21.8,,,,,,,,,,
2935A,ALANEB,25,97,94.2,0,12.5,13.7,14.2,15.1,,,,,,,,,,
2935B,DIOSBU,25,97.3,95.5,0,12,12.6,13.4,14.3,,,,,,,,,,
2935C,XERONO,25,99.8,93,0,12.8,12.9,11.3,11.6,,,,,,,,,,
2935D,ARCHBU,25,96.4,94.1,0,10.1,11,12.3,13.4,,,,,,,,,,
2939,MONOMA,25,98.4,86.7,42.4,43.1,0,0,0,,,,,,,,,,
2939A,QUERAR,25,99.6,82.3,25.9,33.4,34.7,36.4,36.7,,,,,,,,,,
2939B,ELAEFE,25,0,0,25.4,26,0,0,0,,,,,,,,,,
2940,ELATTA,26,80,100,41,41.8,41.8,42.2,42.1,,,,,,,,,,
2940A,PORTAN,26,80.9,101.3,20.3,21,21.9,23.3,23.6,,,,,,,,,,
2940B,HOPEDR,26,83.6,104.4,0,12.7,13.8,15.1,16.8,,,,,,,,,,
2941,DIPTC1,26,88.8,105.1,35.6,35.9,37.8,37.5,38.6,,,,,,,,,,
2941A,ARCHBU,26,89,106,0,15.1,16.4,17.4,18.8,,,,,,,,,,
2943,MEMEMI,26,88.3,109.5,20,20.8,21.5,22,22.5,,,,,,,,,,
2943A,MEZZLE,26,89.2,108.8,14.2,14.4,14.5,14.4,14.7,,,,,,,,,,
2943B,PTYCCO,26,89.4,108.7,0,10.8,10.8,10.8,10.9,,,,,,,,,,
2949,LANSDO,26,85.1,119.5,52,52,52.5,54.6,54.7,,,,,,,,,,
2949A,ALANEB,26,84.5,118,13.6,14.1,14.7,14.7,15.2,,,,,,,,,,
2950,KOILLO,26,89.7,118.1,21,21.6,21.9,21.6,21.8,,,,,,,,,,
2950A,OCHAAM,26,91.1,118.5,0,11.1,11.5,11.7,12.8,,,,,,,,,,
2952,CHRYLA,26,97.4,119.4,32.2,34.7,35.7,36.5,37,,,,,,,,,,
2953,ELAERU,26,98.4,119.9,16.8,16.8,16.8,0,0,,,,,,,,,,
2954A,DRYPPE,26,98.9,116.9,11.3,11.3,11.3,11.3,11.6,,,,,,,,,,
2955,DILLSU,26,99.3,115.4,16.8,16.8,16.8,16.7,0,,,,,,,,,,
2957A,MONOMA,26,94.4,111.8,27.2,30.5,32.4,33.4,35.9,,,,,,,,,,
2958,DIPTC1,26,95.5,111.5,55.2,55.7,56.7,58.4,58.6,,,,,,,,,,
2961,RYPAKU,26,100,107.3,17.4,0,0,0,0,,,,,,,,,,
2961A,POL1GL,26,95.9,108.8,25.9,27.8,28.5,30.6,28.9,,,,,,,,,,
2962A,MONOMA,26,96.6,102.3,23.1,24.9,26.9,27.7,28.8,,,,,,,,,,
2962B,MEMEAM,26,98.2,101.2,0,0,10.5,10.7,11.5,,,,,,,,,,
2963,SHORL2,26,93,101,38,38.8,0,0,0,,,,,,,,,,
2963A,APORAU,26,92.3,103.5,13.1,13.6,14.3,14.9,15.4,,,,,,,,,,
2964A,CALOTE,27,60.8,100.3,19.7,20.6,21,22.1,0,,,,,,,,,,
2965,ALANRI,27,64.2,104.1,13,12.9,13,13.1,13.1,,,,,,,,,,
2965A,DACRR1,27,62.2,101.8,0,0,10.8,10.7,10.7,,,,,,,,,,
2966,SHORM2,27,68.3,104.2,28.1,25.6,25.9,27.1,26.4,,,,,,,,,,
2967,EUGEPU,27,69.1,108,17,17,17.7,18,18.2,,,,,,,,,,
2967A,BUCHSE,27,70.6,107.6,14.1,0,0,0,0,,,,,,,,,,
2967B,OCHAAM,27,79.2,109.4,11.6,15,15.2,15.8,16.4,,,,,,,,,,
2967C,SINDWA,27,66.4,107.5,0,14,14.9,15.2,16.5,,,,,,,,,,
2967D,BACCPY,27,67,107.3,0,14,0,0,0,,,,,,,,,,
2967E,DIOSRU,27,70.4,109,0,10.8,10.9,11,11.3,,,,,,,,,,
2970,CALOTE,27,71.3,112.9,17.6,17.5,17.3,0,0,,,,,,,,,,
2970A,BACCRE,27,67.1,112.9,16.7,0,0,0,0,,,,,,,,,,
2971,LEPISE,27,71.6,115.2,29.2,28.6,29.3,30.3,29.8,,,,,,,,,,
2971A,SYMPAD,27,72,114.5,16.4,17.3,17.4,17.4,17.9,,,,,,,,,,
2974,SHORM2,27,61.2,109.2,31.3,31.5,32,32.8,33.3,,,,,,,,,,
2978,SAR1GR,27,67.1,117.4,71.2,73.7,73.7,74.2,74.8,,,,,,,,,,
2978A,SCA2MA,27,68.1,117.2,16.5,17.4,17.8,18.3,18.6,,,,,,,,,,
2979,APORNI,27,74,115.5,12.9,13.4,13.3,13.2,13.3,,,,,,,,,,
2980B,MEMEMI,27,74.5,118.2,12.5,13,13.2,13.2,13.4,,,,,,,,,,
2980C,KNEMLA,27,72.1,118.4,0,11.2,11.3,12.1,0,,,,,,,,,,
2982,ANI1LA,27,78.8,110.3,30.4,31.8,32.6,33.6,35,,,,,,,,,,
2982A,KNEMPA,27,79.2,119.2,13.4,13.9,13.9,14.1,14.6,,,,,,,,,,
2982B,HOPEME,27,78.6,118,0,11.9,12.7,12.8,13.5,,,,,,,,,,
2984,PTEREC,27,78.8,110.1,18,0,0,0,0,,,,,,,,,,
2987A,SHORM1,27,76.6,102.8,25.4,30.8,31,33.5,35,,,,,,,,,,
2987B,HOPEME,27,76,103.5,0,14.6,15.8,16.6,17.9,,,,,,,,,,
2987C,PEN2ST,27,74.8,104.8,0,17.9,18.3,18.2,0,,,,,,,,,,
2987D,GIROPA,27,77,100.8,0,0,12.5,13.1,13.4,,,,,,,,,,
2990,MONOMA,28,42.8,103.9,16.8,18,18,19.6,2002,,,,,,,,,,
2992,IXONIC,28,46.2,104.5,46.5,0,0,0,0,,,,,,,,,,
2992A,BOUEMA,28,45.4,104.7,0,10.9,11.2,0,0,,,,,,,,,,
2993,INTSPA,28,49.8,103.8,46,45,45.5,44.4,45.8,,,,,,,,,,
2993A,CYNOMA,28,49.2,103.2,16,17,17.6,18.3,19.7,,,,,,,,,,
2998,XANTEU,28,49.9,108.2,15.8,15.8,16,15.7,0,,,,,,,,,,
2998A,XANTEU,28,40,100,11.2,11.3,11.4,11.2,0,,,,,,,,,,
3000,NEPHER,28,41.6,108.3,18.4,18.6,18.9,18.5,18.7,,,,,,,,,,
3000A,CROTLA,28,42.2,105.8,0,0,15.9,16.3,17.3,,,,,,,,,,
3001A,CASTME,28,40.4,118,0,12.1,12.9,13.5,14.2,,,,,,,,,,
3002,SHORM2,28,44.3,115.9,14.8,14.7,14.7,14.8,14.8,,,,,,,,,,
3002A,LITHWA,28,44.7,113.1,28.6,31,32.4,33.6,34.8,,,,,,,,,,
3002B,CALOSO,28,47.6,113.1,0,10.6,10.8,11.1,11.3,,,,,,,,,,
3002C,PIMEGR,28,48.4,115.2,0,13.7,14.2,14.3,15,,,,,,,,,,
3003A,RYPAKU,28,48.4,111.4,11.7,12.1,12.3,12.4,12.2,,,,,,,,,,
3003B,SINDEC,28,48.6,115.2,17.4,18.4,18.8,19.4,20.3,,,,,,,,,,
3003C,DIPLMA,28,51.5,111,0,15.9,16.1,16.3,17.2,,,,,,,,,,
3003D,BACCPY,28,54.6,111.5,0,10.5,10.5,10.6,11.7,,,,,,,,,,
3006,RYPAKU,28,56.5,113.7,19.2,19.9,20,20.4,22.4,,,,,,,,,,
3007,ADENBI,28,59.4,116,29.5,31.2,31.9,32.8,34.4,,,,,,,,,,
3007B,GARCPA,28,56.8,115.1,0,14.4,14.4,14.4,15.1,,,,,,,,,,
3007C,BEILP2,28,56.2,117.4,0,10.9,11.1,11.3,12.2,,,,,,,,,,
3007D,EUGESC,28,57.4,114.6,0,10.5,10.9,11.2,11.6,,,,,,,,,,
3007E,ALPHMA,28,56.4,117,0,0,10.8,10.8,11.5,,,,,,,,,,
3010,KOOMMA,28,56.9,108.3,116.3,116.3,116.5,119.2,119.6,,,,,,,,,,
3014,LEPISE,28,53.1,100.8,13.2,13.2,0,0,0,,,,,,,,,,
3015,SCHOAC,29,26,101,64.2,64.2,64.2,66.3,66.6,,,,,,,,,,
3016,ARTOLO,29,26.8,100.5,27.2,28.6,29,28.4,28.7,,,,,,,,,,
3017,DACRR1,29,31.8,100.1,19.3,19.6,19.6,19.3,19.3,,,,,,,,,,
3018,DACRR1,29,31.5,101.9,17.8,17.9,18.4,18.5,18.7,,,,,,,,,,
3022,SAR1GR,29,29,107.7,44.5,46.2,46.5,46.2,46.2,,,,,,,,,,
3023,EUGECL,29,27.1,109.1,40.5,43.9,45.4,46.7,46.8,,,,,,,,,,
3023A,SHORM1,29,26.4,109.5,0,20.1,20.8,21.7,23.4,,,,,,,,,,
3023B,SHORM2,29,27.8,108.2,0,29.9,31.1,32.5,33.6,,,,,,,,,,
3024,LANSDO,29,23.2,108.8,28.1,28.4,28.6,28.8,29.5,,,,,,,,,,
3024A,MALLPE,29,20.6,112,0,11,11.5,0,0,,,,,,,,,,
3030,XANTRU,29,25.3,113.5,30.4,31,31.1,32,32.1,,,,,,,,,,
3034,CROTLA,29,21.8,118.4,26.4,0,0,0,0,,,,,,,,,,
3034A,SHORM1,29,39.6,108.5,19.1,28.3,30,31.5,32.4,,,,,,,,,,
3034B,SHORM1,29,22,119.8,0,0,10.7,10.8,11.2,,,,,,,,,,
3041,XANTEU,29,35.1,115.3,12.8,12.5,12.5,12.6,12.6,,,,,,,,,,
3042,SCHOAC,29,36.4,117.3,69.4,69.4,69.4,68.3,69.4,,,,,,,,,,
3042A,SHORM1,29,35.2,117.4,13.4,14,14.3,0,0,,,,,,,,,,
3042B,SHORP1,29,35.4,116.6,0,13.9,13.9,0,0,,,,,,,,,,
3043,PALAH2,29,39.7,117.6,27.6,27.6,27.6,27.6,27.8,,,,,,,,,,
3044,DRYPLO,29,40,119.3,60.5,0,0,0,0,,,,,,,,,,
3045,HORSPO,29,38.1,114.1,19.2,19.5,19.8,19.8,20.1,,,,,,,,,,
3045A,EUGENA,29,38.6,113,0,13.8,14.7,15.5,16.2,,,,,,,,,,
3047,NEPHER,29,39,109.4,38.5,27.9,28,27.7,28.3,,,,,,,,,,
3047A,HOPEME,29,39.4,108.5,0,10.9,11.6,11.8,12.6,,,,,,,,,,
3049,DACRRO,29,33.2,116.8,20.2,20.6,21,21.1,21.8,,,,,,,,,,
3050,LANSDO,29,38,105.8,16.9,17.1,17.1,17.1,17.3,,,,,,,,,,
3052,DURIGR,30,3.2,102.9,29.6,28.4,28.7,28.9,28.7,,,,,,,,,,
3052A,MONOMA,30,4.7,104.6,0,13.4,14.5,15.3,16.3,,,,,,,,,,
3052B,MACALO,30,8.7,102.6,0,0,10.5,10.8,11.3,,,,,,,,,,
3053,MESUFE,30,9.3,103,22.9,23.7,23.8,24.4,24.8,,,,,,,,,,
3056,BACCRE,30,8.2,110.2,37.8,0,0,0,0,,,,,,,,,,
3057,MEMEO2,30,8.4,110.7,28.3,28.4,29.4,30.1,30.9,,,,,,,,,,
3060,EUGEP3,30,2.9,114.5,41.9,46,47.6,48.5,49.1,,,,,,,,,,
3060A,OCHAAM,30,3.3,115,15.3,16.1,16.9,17,17.2,,,,,,,,,,
3067A,SHORM1,30,17.4,112.8,0,17.8,18.4,19.4,20.2,,,,,,,,,,
3067B,BOUEOP,30,16.8,114.3,0,14.2,15,15.7,16.3,,,,,,,,,,
3068,IRVIMA,30,14.5,105.8,76.8,76.8,80.8,80.9,82.1,,,,,,,,,,
3068A,MACALO,30,13.5,105.5,0,10.6,10.9,11.1,11.3,,,,,,,,,,
3068B,KNEMLA,30,14.2,106.4,0,10.1,10.1,10.2,11.4,,,,,,,,,,
3069,EUGESU,30,15.6,112.5,16.6,16.9,17.8,18.2,18.3,,,,,,,,,,
3071,ALANRI,31,4.2,125.7,21.2,21.5,21.9,21.9,22.5,,,,,,,,,,
3071A,MEMEPU,31,4.8,124.8,11.7,12,12.3,12.4,12.9,,,,,,,,,,
3071B,HOPEDR,31,5.1,125.2,0,12.9,12.6,13,0,,,,,,,,,,
3072,GONOGR,31,8.1,122.3,11,10.9,11,11.1,11.3,,,,,,,,,,
3072A,SHORL2,31,7.8,123.3,66.5,70.9,70.9,71.6,71.8,,,,,,,,,,
3072B,NEOSKI,31,8,121.4,0,13.8,13.8,14.3,15,,,,,,,,,,
3072C,PORTAN,31,7.2,124.3,0,13.6,13.8,14,14.3,,,,,,,,,,
3074,NEPHOP,31,8.8,129.2,33.9,34.6,35.8,36.7,37.9,,,,,,,,,,
3074A,SHORP2,31,9.2,128.9,14.2,15.1,16.2,16.4,18.6,,,,,,,,,,
3074B,SHORP1,31,10.4,130.1,20.3,21.6,21,0,0,,,,,,,,,,
3074C,MANGQU,31,13.8,129.8,0,0,12,12.5,12.8,,,,,,,,,,
3077,EUGEC1,31,5.7,131.1,14.7,14.9,14.9,14.1,15.4,,,,,,,,,,
3077A,SHORP1,31,6.4,131.4,0,16.5,17.3,15.9,18.6,,,,,,,,,,
3077B,CROTLA,31,8,131,0,0,16.3,16.8,16.9,,,,,,,,,,
3079A,RYPAKU,31,1.4,137.3,0,12.8,11.8,11.9,12.2,,,,,,,,,,
3079B,CASTME,31,3.3,138,0,14.2,14.2,14.2,14.3,,,,,,,,,,
3079C,SHORP1,31,0.4,138.2,0,11.3,11.3,11.6,12.4,,,,,,,,,,
3080,BEILDI,31,7.8,136.2,47,48.5,49.6,51,51.2,,,,,,,,,,
3080B,MEMEMI,31,11.5,138.2,0,0,10.8,10.8,10.6,,,,,,,,,,
3080C,GARCPA,31,12.8,137.5,0,0,10.9,11.2,11.3,,,,,,,,,,
3080D,KIBAMA,31,15.4,137.2,0,0,11.3,14.5,12.1,,,,,,,,,,
3082A,CROTLA,31,0,0,15.9,16,0,0,0,,,,,,,,,,
3082B,MANGQU,31,13.2,131.2,0,0,12.5,13,14.1,,,,,,,,,,
3087A,SHORMA,31,18.5,129.2,0,0,14.7,15.9,16.9,,,,,,,,,,
3088,DURIGR,31,17.7,121.5,14.9,15,15,14.9,15,,,,,,,,,,
3088A,HOPEME,31,18,122,0,16.7,16.8,16.9,17,,,,,,,,,,
3088B,TRI3MA,31,17.7,121.2,0,11.2,11.6,12.1,12.6,,,,,,,,,,
3090,XANTEU,32,20,120,13.2,13.2,13.1,13,13.2,,,,,,,,,,
3090B,SHORM1,32,25.2,121,0,17.8,19.7,21.2,23.3,,,,,,,,,,
3093,POL1SC,32,29.9,129.8,29.3,31.2,0,0,0,,,,,,,,,,
3093A,LITHWA,32,31.8,130.6,16.3,16.8,0,0,0,,,,,,,,,,
3093B,MESUFE,32,31.8,130.3,0,13.4,0,0,0,,,,,,,,,,
3094,PTYCCO,32,21.4,129.9,23.4,25.7,28.6,31.6,34.3,,,,,,,,,,
3094A,SHORM1,32,30,130,12.7,15.1,16.8,18.1,20,,,,,,,,,,
3094B,SHORM1,32,30.8,130.4,0,11.8,13,13.8,15.6,,,,,,,,,,
3094C,SHORM1,32,33.2,126.6,0,11.7,12.3,13,14,,,,,,,,,,
3094D,SHORP2,32,30.2,129.4,0,12.7,13.8,14.9,16.3,,,,,,,,,,
3097,SANTTO,32,29.5,131.5,31.8,32.3,0,0,0,,,,,,,,,,
3098,BEILDI,32,29.8,133.1,21.8,22.1,0,0,0,,,,,,,,,,
3098A,SHORM1,32,26.2,133,0,18.3,20.4,22.2,24.6,,,,,,,,,,
3098B,XANTGR,32,28.2,132.8,0,13.1,13.4,13.6,14.1,,,,,,,,,,
3098C,SHORP2,32,32,133.5,0,21.2,24.8,28.1,31.8,,,,,,,,,,
3098D,HOPEME,32,35.3,133,0,14.6,16,17.2,19.1,,,,,,,,,,
3104A,SHORP2,32,32,133.5,0,12.8,13.9,10.6,15.6,,,,,,,,,,
3105A,NEOBHE,32,28.6,139.6,0,12.3,13,13.5,14.1,,,,,,,,,,
3108A,SHORM1,32,39.6,138,0,0,10.8,12.4,13.3,,,,,,,,,,
3109,PTYCCO,32,34.1,131.7,13.8,14,14,14,14.3,,,,,,,,,,
3109B,ARCHBU,32,0,0,20.3,0,0,0,0,,,,,,,,,,
3110,GANUSN,32,32.6,127.6,36.6,37,37.3,37.4,37.8,,,,,,,,,,
3113,MEMEAM,32,37.8,124.2,11.9,12.1,12,12.3,12.5,,,,,,,,,,
3113A,ARCHBU,32,33.4,123.6,0,22.5,23.3,25.7,25.8,,,,,,,,,,
3113B,MACALO,32,35.8,123.4,0,11.1,11.3,11.4,13.6,,,,,,,,,,
3113C,QUERAR,32,33.6,125.6,0,12.4,13.8,15,16.4,,,,,,,,,,
3114,XANTRU,32,34.3,122.3,30.7,31.5,0,0,0,,,,,,,,,,
3114A,SHORM1,32,32.6,120.8,0,15.6,16.6,18.2,20.6,,,,,,,,,,
3115,ELATTA,32,39.2,121.4,37.2,37.4,37.4,37.5,38.1,,,,,,,,,,
3116A,EUGECL,32,39.1,123.2,11.4,11.6,11.8,11.9,12,,,,,,,,,,
3118A,HOPEME,33,41.2,120.4,27.5,30.1,31.5,32.4,32.5,,,,,,,,,,
3120,MILLAT,33,47.8,123.6,18.2,18.9,19.3,19.7,20.9,,,,,,,,,,
3121,DACRR1,33,50,121.2,13.6,13.6,13.8,13.7,13.9,,,,,,,,,,
3121A,MILLAT,33,51.8,121,14.5,14.7,15,15,15.4,,,,,,,,,,
3122,DACRR1,33,46,126.2,14,13.9,14.2,14.2,14.5,,,,,,,,,,
3123,MEMEAM,33,46.7,127.3,15.9,15.3,15.2,15.5,16.9,,,,,,,,,,
3124,CANTDI,33,45.3,127.6,35.2,35.7,36,34.4,37,,,,,,,,,,
3124A,SHORAC,33,43.5,128,0,15.5,15.8,15.9,17.2,,,,,,,,,,
3125,CANAAP,33,47.7,128.5,54,54,54.2,54.9,55,,,,,,,,,,
3126A,MEMEAM,33,43,130.4,0,12.4,13.3,14,15.2,,,,,,,,,,
3126B,SANTLA,33,41.9,132,0,15.3,16.4,17.5,18.9,,,,,,,,,,
3126C,MESUFE,33,45,131,0,11.1,11.5,12,12.4,,,,,,,,,,
3130,EUGEC1,33,48,138.4,15,15.2,0,0,0,,,,,,,,,,
3130A,LITHCO,33,48,136.2,10.4,32.5,0,0,0,,,,,,,,,,
3130B,SHOROV,33,47,136.6,0,13.1,14.9,15.7,17.5,,,,,,,,,,
3130C,MILLAT,33,50,137.4,0,15,16.4,17.8,19.2,,,,,,,,,,
3132,ANI1LA,33,54.7,137.6,21.5,22.5,23,23.7,24.3,,,,,,,,,,
3132A,CRY1CA,33,57.4,139.6,0,19.1,19.3,20.1,0,,,,,,,,,,
3133,CALOWA,33,54.8,137.1,23.4,23.8,24,24.5,24.6,,,,,,,,,,
3133A,AIDICO,33,57.4,139.6,0,0,19.8,20.4,21.6,,,,,,,,,,
3134,SHORP2,33,55.2,134.6,95.2,95.2,95.4,96.7,96.9,,,,,,,,,,
3134A,SHORM1,33,50.8,130.2,0,0,13.2,13.8,15.1,,,,,,,,,,
3138,SAR1GR,33,53.8,128.6,40.8,42,41.3,42,42.9,,,,,,,,,,
3138A,CANALL,33,52.6,123,0,15.5,12.9,0,0,,,,,,,,,,
3139,ALANRI,33,54.3,128.6,28.9,29.9,30,30.2,0,,,,,,,,,,
3141,KNEMSC,33,56,125.5,20.5,20.9,21.1,21.3,22.3,,,,,,,,,,
3260,PAYELU,33,40,139.6,17.1,17.5,17.8,17.7,17.5,,,,,,,,,,
3145,DIOSSI,34,62.2,124.6,16.1,16.8,16.8,17.2,16.8,,,,,,,,,,
3145A,CALODE,34,62.2,123.8,0,10.8,10.9,12.3,13.1,,,,,,,,,,
3145B,SCHOAC,34,62,125.6,0,18.2,19,19.3,20,,,,,,,,,,
3150,ELAEFL,34,65.4,138.3,34,33.5,34.4,34.7,39.3,,,,,,,,,,
3150A,SINDEC,34,63.4,129.4,14.3,15,15.7,16.4,17.3,,,,,,,,,,
3150B,SANDKO,34,64.9,128.8,0,13.1,13.2,13.5,14,,,,,,,,,,
3152,RYPAKU,34,60.1,139.7,15.4,20.2,0,0,0,,,,,,,,,,
3152A,SANTTO,34,62.4,139.8,19.8,14,20.5,21.5,23.6,,,,,,,,,,
3153A,PERKSP,34,71.2,138.8,0,0,11.7,0,0,,,,,,,,,,
3158,VATIBE,34,79.6,134.3,17.3,17.7,18.2,18.2,18.4,,,,,,,,,,
3158A,XERONO,34,79.5,133.2,0,14.6,15.2,15.7,17,,,,,,,,,,
3159,DIPTC1,34,77.2,132.3,14.1,14.5,14.6,14.9,14.6,,,,,,,,,,
3159A,SHORM1,34,76,131.2,0,10.5,11.2,12.2,12.8,,,,,,,,,,
3161A,GIROSU,34,72.8,129,13.9,14.4,14.5,14.5,14.7,,,,,,,,,,
3161B,EUGECL,34,0,0,14,0,0,0,0,,,,,,,,,,
3161C,ALANEB,34,73.4,128.8,0,13.4,13.5,14.6,15.6,,,,,,,,,,
3162,KNEMSC,34,75.7,129.7,22.6,22.9,23.3,23,23.3,,,,,,,,,,
3164,PEN1MO,34,70.3,127.6,40.3,40.3,38.6,39.9,40.2,,,,,,,,,,
3164A,DRYPLO,34,70.6,127.8,0,10.9,11.2,11.5,11.5,,,,,,,,,,
3164B,LANSDO,34,70.6,126.5,0,12.8,12.9,12.4,13.1,,,,,,,,,,
3164C,MONOMA,34,71.4,125.9,0,13.5,16.8,15.5,16.8,,,,,,,,,,
3165,XERONO,34,72.8,124.8,20.2,20.9,21.5,21.7,22.6,,,,,,,,,,
3166,XANTST,34,73.1,124.4,56.3,56.7,58.7,59.9,0,,,,,,,,,,
3168,MADHL1,34,77.3,125,39.3,41,42,43,43.2,,,,,,,,,,
3169,DIPTC1,34,78.4,122,78.3,78.4,78.4,79.2,79.4,,,,,,,,,,
3169A,POL1SU,34,77.8,121.8,0,14.2,14.4,14.5,15.6,,,,,,,,,,
3170,SCA1SP,35,81,120.4,16.2,17.1,17.1,17,17.2,,,,,,,,,,
3171,XERONO,35,85.9,120,19,19.8,20.6,20.9,21.8,,,,,,,,,,
3179,MONOMA,35,89.7,129.4,22,23,23,23,23.8,,,,,,,,,,
3180,EUGEGR,35,82.6,128,13.4,11.5,11.7,0,0,,,,,,,,,,
3180A,BARRPE,35,83.7,127.4,0,11,11.3,11.7,12.5,,,,,,,,,,
3182A,XERONO,35,82.5,137.6,21.8,22.6,23.1,23.3,23.3,,,,,,,,,,
3182B,XANTEU,35,82,139.6,9.2,11.5,11.6,11.6,11.8,,,,,,,,,,
3182C,CALODI,35,83.8,132.8,0,12.9,13.3,13.5,13.6,,,,,,,,,,
3182D,NEOBHE,35,84.4,130.2,0,12,12.7,12.8,12.9,,,,,,,,,,
3184,BRACHO,35,88.8,134.8,24.5,34.9,34.4,32.1,35.2,,,,,,,,,,
3184A,LITHCU,35,88.4,136.7,55.9,58,59.6,61.4,61.6,,,,,,,,,,
3184B,CYATRA,35,90,133,0,10.8,11,11.2,12.4,,,,,,,,,,
3184C,CLE1SU,35,90.2,138.5,0,12,12,12.1,12.2,,,,,,,,,,
3184D,DIOSBU,35,89.7,139.6,0,11.5,11.6,11.7,11.8,,,,,,,,,,
3188,CYNOMA,35,93.4,135.5,46.7,46.7,46.8,50.5,50.7,,,,,,,,,,
3188B,SHORM1,35,93,137.5,0,15.8,16.5,16.9,17.4,,,,,,,,,,
3188C,DACRR1,35,93,138.6,0,13.8,14.2,14.6,0,,,,,,,,,,
3189,PAROVA,35,97.5,134.1,24.9,25.1,25.1,25.5,25.6,,,,,,,,,,
3190,HOMADI,35,97.8,131.7,54.2,52.8,53.4,53.4,53.5,,,,,,,,,,
3191,IXONIC,35,96.9,128,29.5,31,33.2,30.6,31,,,,,,,,,,
3192,SAR1GR,35,93.7,130.1,34.9,35.7,37.4,38.4,40.8,,,,,,,,,,
3193,SANDKO,35,93.2,130.5,18.2,18.3,18.9,19,19.4,,,,,,,,,,
3194,CYNOMA,35,97.1,126.5,22.5,23.3,23.8,24.4,25.2,,,,,,,,,,
3195,HORSS2,35,97.3,123.6,40.8,41.7,42.3,42.7,42.8,,,,,,,,,,
3197A,CALOTE,35,94.3,122,13.6,13.5,13.5,0,0,,,,,,,,,,
3197B,XERONO,35,93.7,123,0,15.4,16.2,16.4,16.8,,,,,,,,,,
3202A,LANSDO,36,85.4,145.2,17.4,18.2,18.5,19.9,20.1,,,,,,,,,,
3203A,MEL1FU,36,88,145.1,14.6,15.6,15.6,0,0,,,,,,,,,,
3206,DACRLA,36,84.7,150.3,20.7,21.6,21.3,21.5,0,,,,,,,,,,
3206A,MONOMA,36,83,149,0,19,19,18.9,18.9,,,,,,,,,,
3210,SARADE,36,88.7,159.1,39.7,39.7,0,0,0,,,,,,,,,,
3210A,SARADE,36,84,158.6,0,10.5,10.5,0,0,,,,,,,,,,
3211,SARADE,36,89.9,157.6,30.6,29,29.7,28.7,31.2,,,,,,,,,,
3213,SARADE,36,90.6,157.6,15.1,0,0,0,0,,,,,,,,,,
3214,SARADE,36,92.7,157.6,31.3,31.6,30.9,30.3,30.8,,,,,,,,,,
3216,SARADE,36,94.4,156.4,31.1,31.4,32.4,32.7,31.6,,,,,,,,,,
3217,SARADE,36,93.3,154,39.3,31.9,28.5,28.5,28.7,,,,,,,,,,
3220,GYMNFO,36,96.3,154.4,40,40.7,41.1,41.5,42.6,,,,,,,,,,
3224,SARADE,36,98,148,28.4,30.1,30.5,31.3,31.6,,,,,,,,,,
3224A,SARADE,36,98.1,149.2,0,11.7,11.2,11.1,12.4,,,,,,,,,,
3226,SARADE,36,96.1,146.4,17.4,15.6,16,15.7,0,,,,,,,,,,
3230,SARADE,36,99.5,143.3,21.8,21.9,22.2,22.4,24.6,,,,,,,,,,
3257A,ARDIPA,36,80.4,143.8,11,14.8,15,15.1,0,,,,,,,,,,
3233,EUGESU,37,67.2,146.9,23.9,24.6,24.8,25.2,0,,,,,,,,,,
3233A,XANTST,37,67.6,145.2,21.2,22.5,23.8,14.4,21.3,,,,,,,,,,
3233C,DURIGR,37,70.8,146.3,13.7,14,14.2,14.8,15.6,,,,,,,,,,
3238,EUGEGR,37,69,148.8,29.5,29.6,0,0,0,,,,,,,,,,
3242,EUGENA,37,62.2,153.3,28.1,28.5,29.4,29.3,0,,,,,,,,,,
3242A,CANAME,37,62.8,154.4,12.2,12.1,12.4,12.3,0,,,,,,,,,,
3242B,SHORP1,37,65.6,153.3,27.5,30.1,31.2,31,0,,,,,,,,,,
3242C,RYPAKU,37,67.6,154.4,0,14.8,15.2,15.2,15.3,,,,,,,,,,
3244,IXONIC,37,65.8,158.8,25.6,26,26.2,25.6,26,,,,,,,,,,
3244A,POMEPA,37,63.8,158.4,9.3,11.1,11.2,11,11.9,,,,,,,,,,
3244B,DRYPPO,37,62.2,158.2,0,11.5,11,11,12,,,,,,,,,,
3246,SAR1GR,37,69.8,154.6,94.8,95,95,97.1,97.1,,,,,,,,,,
3246A,PALAMA,37,69.4,155,0,16.2,17.2,17.4,17.6,,,,,,,,,,
3246B,OCHAAM,37,68.7,155.8,0,15.2,15.2,15.4,15.8,,,,,,,,,,
3246C,PORTAN,37,68,156.7,0,16,16.3,16.8,17.9,,,,,,,,,,
3249A,BACCKU,37,60,140,15.1,0,0,0,0,,,,,,,,,,
3249B,BACCKU,37,73.8,148.2,12.9,13,13,13,13,,,,,,,,,,
3249C,SANTRU,37,76.4,146,0,16.8,17.6,18.8,19.4,,,,,,,,,,
3249D,MACAHO,37,75.6,150,0,21.1,21.7,22.4,22.4,,,,,,,,,,
3250,MEL1FU,37,72.1,150,19,19.1,19.1,19.5,20.1,,,,,,,,,,
3250A,POL1SC,37,70.4,149.4,21.4,21.5,22.2,22.5,22.7,,,,,,,,,,
3257C,BUCHAR,37,79.4,145,0,10.3,10.5,0,0,,,,,,,,,,
3131,XANTEU,38,53.5,140.2,16.7,16.9,16.9,17,17,,,,,,,,,,
3259,SANTTO,38,40.5,140.4,32.3,23.3,23.3,23,23.6,,,,,,,,,,
3262,SANTTO,38,41.4,143.4,18.3,18.8,0,0,0,,,,,,,,,,
3262A,EUGECL,38,43.6,144.2,18.4,13.1,14.2,15.1,14.6,,,,,,,,,,
3262B,NEOBHE,38,40.8,141.6,0,11,12,12.6,13.4,,,,,,,,,,
3262C,PIMEGR,38,40.5,143,0,10.6,10.7,12.1,13.5,,,,,,,,,,
3263,GREWBL,38,46.5,147.4,31.7,0,0,0,0,,,,,,,,,,
3263A,SHORM1,38,0,0,18.1,0,0,0,0,,,,,,,,,,
3263B,ARCHBU,38,43.9,147.3,12.2,18.6,18.2,19.2,19.6,,,,,,,,,,
3263C,KNEMLA,38,45.1,146.8,0,11.2,12.3,12.7,14.1,,,,,,,,,,
3266,SHORM2,38,52.2,150.1,52.6,53,53,54.1,54.3,,,,,,,,,,
3266A,XERONO,38,50.7,149.3,17.4,0,0,0,0,,,,,,,,,,
3266B,MESURA,38,50.6,148.8,12.5,12.6,12.8,13,13.4,,,,,,,,,,
3271,GLUTM2,38,43.1,153.9,21,22.7,23.2,24.4,25.8,,,,,,,,,,
3271A,MONOMA,38,42.7,154,0,12.6,24.2,25.2,26.4,,,,,,,,,,
3272,RYPAKU,38,42.1,154.8,14.9,15.2,15.8,15.9,16.4,,,,,,,,,,
3272A,EUGECH,38,40.5,154.6,0,12.9,13.2,13.6,13.8,,,,,,,,,,
3274,GANUSN,38,49.8,156.8,20.2,20.5,20.9,21.1,21.2,,,,,,,,,,
3274A,OCHAAM,38,49.6,155,0,13.4,13.9,14.5,15.8,,,,,,,,,,
3277,ANI1LA,38,59.6,151.7,46,49.5,48.1,50.1,50.3,,,,,,,,,,
3277A,EUGEDU,38,56.4,150.9,19.3,19.8,20.2,20.4,20.4,,,,,,,,,,
3277B,PAYELU,38,57.2,148.8,0,10.5,10.7,10.8,10.8,,,,,,,,,,
3281A,SANTAP,38,55.4,142.3,0,10.4,10.8,11.2,11.8,,,,,,,,,,
3281B,SHORL2,38,56.2,143.6,0,34.4,36.1,39,43,,,,,,,,,,
3281C,MILLAT,38,56.6,142.2,0,19.8,20,20.9,22.1,,,,,,,,,,
3281D,OCHAAM,38,57.4,145.4,0,13.6,14.5,14.6,15.6,,,,,,,,,,
3283,CANALR,39,26.5,141.3,10.7,11.1,11.8,12.5,12.9,,,,,,,,,,
3283A,MILLAT,39,27.8,141.4,15.7,16.7,17.9,19.1,20.4,,,,,,,,,,
3284,PAROVA,39,28,140.5,21.8,24,24,23.9,24.2,,,,,,,,,,
3290A,SHORL1,39,28,149,0,19,19.8,22,24.2,,,,,,,,,,
3291,DIALWA,39,30.3,149.5,17.1,18.3,19.7,20.7,21.2,,,,,,,,,,
3293A,DIPLMA,39,26.6,151.1,0,12.6,12.6,13.7,14,,,,,,,,,,
3294,MESUFE,39,21.5,149.1,14,19.7,20.2,21.1,21.4,,,,,,,,,,
3294A,SHORM2,39,22.1,147,0,11.5,12.5,13.6,14.9,,,,,,,,,,
3294B,CROTAR,39,22.4,144.7,0,12.5,13,0,0,,,,,,,,,,
3294C,CROTAR,39,25,147.5,0,13.2,14.1,15,16,,,,,,,,,,
3296,SCHOAC,39,22.4,153.2,37.4,37.4,37.6,40.3,41.7,,,,,,,,,,
3296A,PORTAN,39,22.8,153.5,0,19,16.3,16.7,17.4,,,,,,,,,,
3296B,CROTAR,39,22.1,153.8,0,11.6,12.3,13,13.4,,,,,,,,,,
3296C,SHORM2,39,23.5,154.2,0,11.2,11.2,11.1,11.4,,,,,,,,,,
3296D,PIMEGR,39,20.8,154.6,0,15.6,16.2,16.5,17,,,,,,,,,,
3298,SCA2MA,39,24.7,158.6,47.8,0,0,0,0,,,,,,,,,,
3299,SANTLA,39,24.7,159.1,75.8,75.8,75.8,76.5,77,,,,,,,,,,
3299A,MONOMA,39,24.4,159.7,0,15.6,15.6,16.7,20.4,,,,,,,,,,
3301A,KNEMCO,39,33.2,151.7,0,13.9,14.9,15.2,16,,,,,,,,,,
3308,DRYPLO,39,38.6,147.3,19.5,20.2,20.8,20.6,20.9,,,,,,,,,,
3308A,CROTAR,39,39.6,148,0,0,10.5,11.2,12,,,,,,,,,,
3309,CALODI,39,37.6,142.5,17.3,20.1,22.2,22.2,22.4,,,,,,,,,,
3312,KNEMHO,40,7.1,145.2,30.8,31.1,31.1,30.8,31.1,,,,,,,,,,
3312A,BACCRE,40,5.8,143.8,16.9,17.3,17.6,18,18.3,,,,,,,,,,
3312B,CASTME,40,5.5,142.8,0,12.3,13.1,13.1,13.3,,,,,,,,,,
3315,EUGEC1,40,0.4,148,19.4,20.4,20.6,20.8,20.9,,,,,,,,,,
3316,BEILDI,40,1.1,150.6,46.3,48,48.6,49.2,50.9,,,,,,,,,,
3317,RYPAKU,40,0.9,152.9,24.5,24.3,24.5,24.6,24.8,,,,,,,,,,
3317A,CALODI,40,8.3,152,0,11.1,11.5,11.5,11.8,,,,,,,,,,
3317B,MONOMA,40,5,152.2,0,0,10.2,10,10.1,,,,,,,,,,
3318A,GIRONE,40,3,155,0,10.5,11.2,11.9,12.2,,,,,,,,,,
3326,XANTGR,40,16.8,152.4,16.4,0,0,0,0,,,,,,,,,,
3328,IXONIC,40,6.9,148.8,27.6,29,29.4,30,31,,,,,,,,,,
3328A,ARCHBU,40,13.2,148.4,0,16.3,16.8,16.6,17.2,,,,,,,,,,
3328B,CROTAR,40,15.4,149.3,0,12.3,13,14,14.6,,,,,,,,,,
3335,PTYCCO,41,3,162.3,14.8,14.7,14.8,14.7,15,,,,,,,,,,
3335A,CANALR,41,8.5,160.7,0,11.5,12.8,13.5,14.4,,,,,,,,,,
3336A,GREWMI,41,8.6,164.2,16.6,16.6,0,0,0,,,,,,,,,,
3338,XANTEU,41,8.1,170.6,12.6,12.6,12.8,14.4,0,,,,,,,,,,
3340,DIOSBU,41,7.7,170.9,17.1,16.9,171,0,0,,,,,,,,,,
3341,XANTST,41,2,171.3,16.6,16.7,16.6,16.3,16.7,,,,,,,,,,
3341A,CRY1RU,41,5.2,171,0,12.6,13.9,16,16.3,,,,,,,,,,
3341B,MESUFE,41,0.7,171.5,0,11.1,12,13.3,15.4,,,,,,,,,,
3341C,EUGEFI,41,2.4,170,0,15.4,15.4,15.5,16.1,,,,,,,,,,
3342,APORPE,41,2.3,175.4,24.9,25.1,25.4,25.7,27,,,,,,,,,,
3343,XANTST,41,9,176.9,65.4,65.4,64.5,0,0,,,,,,,,,,
3343A,MONOMA,41,9,175.4,0,14.8,15.7,16.2,0,,,,,,,,,,
3343B,HOPEBR,41,6,177.6,0,11.5,12.4,13.7,0,,,,,,,,,,
3344,PALAMA,41,10.9,177.6,37.9,37,37.1,0,0,,,,,,,,,,
3344A,DACRR1,41,11.1,177.4,0,10.4,10.9,11.2,0,,,,,,,,,,
3344B,ARDICO,41,12.2,179.5,0,14.1,13.8,0,0,,,,,,,,,,
3346,DIPTKU,41,10.8,165.7,99,110.4,100.3,101.2,102,,,,,,,,,,
3346B,SHORM2,41,8.8,167.6,0,10.2,10.5,10.9,11.3,,,,,,,,,,
3347,MONOMA,41,17.3,167.7,24.1,25.3,26.4,26.5,28,,,,,,,,,,
3347A,LITHSU,41,14.7,171,0,0,10.2,11.4,11.8,,,,,,,,,,
3347B,HOPEDR,41,14.4,168.4,0,0,10.8,11.1,11,,,,,,,,,,
3351,GARCNI,42,21.4,161.4,5.7,13.2,13.2,0,0,,,,,,,,,,
3353,SHORP2,42,28.8,161.1,32.3,35.3,35.7,37.2,38.7,,,,,,,,,,
3353A,KNEMPA,42,28.6,161.4,16,16.3,17.1,17.6,18,,,,,,,,,,
3354,EUGEP3,42,29.2,161.2,29.3,29.2,0,0,0,,,,,,,,,,
3355,XANTEU,42,30.7,161.2,13.2,13.5,13.8,13.8,13.6,,,,,,,,,,
3356,HOPEME,42,28.4,163.8,27.9,30,30.9,32.4,24,,,,,,,,,,
3359,KOOMMA,42,23.3,166.9,68,68,68.2,69.1,69.4,,,,,,,,,,
3359A,SHORP1,42,23,168,0,18.2,19.5,21.2,23.2,,,,,,,,,,
3359B,IXONIC,42,21,167.2,0,0,10.4,11,11.5,,,,,,,,,,
3362,MYRIM1,42,21,176.1,14.9,15.5,15.5,15.9,16.4,,,,,,,,,,
3362A,GONYAF,42,22.1,173.5,0,12.1,12.4,12.5,12.6,,,,,,,,,,
3363,SANTLA,42,22.2,178.1,13,12.9,13,12.9,13.3,,,,,,,,,,
3364,OCHAAM,42,23.3,177.9,13.5,13.7,13.7,13.5,14,,,,,,,,,,
3365,NEPHCO,42,28.7,173.7,33.5,34.1,34.7,32.2,36,,,,,,,,,,
3365A,SCA1SP,42,26,174.3,10.6,10.6,10.6,10.4,0,,,,,,,,,,
3365B,SINDVE,42,29.7,173.3,0,12.9,13,13.4,14,,,,,,,,,,
3368,HERIEL,42,32.1,171.3,12.4,19.5,19.8,20,20.5,,,,,,,,,,
3369,BHESPA,42,33.1,171.7,20.5,22.3,23.1,24.6,26,,,,,,,,,,
3369A,MEZZLE,42,35,171.2,18.7,0,0,0,0,,,,,,,,,,
3371,EUGEP3,42,37.9,172.6,42.5,39,39.2,39.6,40.6,,,,,,,,,,
3372,GREWMI,42,38.1,170,17,17.2,17.4,17.3,17.6,,,,,,,,,,
3372A,HOPEDR,42,38.8,169.5,0,12.4,13.1,13.8,14.6,,,,,,,,,,
3374,XYLOFS,42,39.7,178.5,19.1,19.2,0,0,0,,,,,,,,,,
3378,MILLAT,42,39.1,164.3,23.9,25.2,26,27.2,28,,,,,,,,,,
3380,PALAMA,42,35.9,164.5,25.2,27.5,28.8,30,31.6,,,,,,,,,,
3380B,MYRICI,42,36.6,164.5,0,0,11.8,12.5,13,,,,,,,,,,
3373,DACRR2,43,40.4,170.8,7.7,7.7,19.3,20.1,20.2,,,,,,,,,,
3381,DACRLA,43,41,160.2,20.2,20.7,21,21.7,22,,,,,,,,,,
3381B,HOPEDR,43,43,160.7,0,10.8,11.9,12.5,13.6,,,,,,,,,,
3383,DIALWA,43,43,161.8,22.8,15.2,15.4,15.4,0,,,,,,,,,,
3384A,ELATTA,43,46.8,160.2,0,0,10.1,10,0,,,,,,,,,,
3385,ALPHMA,43,47.8,160.1,16.6,18.8,19,19.2,19.4,,,,,,,,,,
3385A,SINDVE,43,51.8,160.6,0,10.6,11,11.3,11.6,,,,,,,,,,
3386,OCHAAM,43,49.7,162.9,26.7,27.1,27.2,27.2,27.9,,,,,,,,,,
3386A,MEZZLE,43,51.9,163,0,12.3,12.8,13.3,14,,,,,,,,,,
3389,RYPAKU,43,45.3,168,19.4,20,20.6,20.5,21.3,,,,,,,,,,
3389A,DACRR1,43,46.4,165.6,0,13.6,14.4,14.7,15.4,,,,,,,,,,
3390,POMEPA,43,43.7,168.4,13.9,14,14,13.9,13.8,,,,,,,,,,
3392,OCHAAM,43,40.5,171.3,23.6,24.3,24.8,24.8,25.4,,,,,,,,,,
3396,PTEREC,43,45.8,172.7,25.5,25.5,25.5,25.6,25.4,,,,,,,,,,
3398,XANTEU,43,50.4,177.5,14.1,14.1,13.7,0,0,,,,,,,,,,
3399,TRI1HY,43,44.5,177.8,26.6,27.2,27.5,28.3,28.7,,,,,,,,,,
3400,SANTTO,43,42.6,178.7,10.3,41.3,41.7,42.3,43.6,,,,,,,,,,
3401,DACRR1,43,44.1,179.7,25.7,25.6,25.6,0,0,,,,,,,,,,
3402,DIPTC1,43,52.9,177,10.8,10.8,10.9,10.8,11,,,,,,,,,,
3402A,SHORP2,43,52.4,177,13.1,12.8,12.8,12.8,12.8,,,,,,,,,,
3403,SHORAC,43,57.1,178.9,47.7,49,49.5,50.3,51,,,,,,,,,,
3403A,EUGECL,43,55.3,179.4,0,11,11.5,11.9,11.8,,,,,,,,,,
3404A,SHORP1,43,57,175.5,0,16.7,17,17.5,18.3,,,,,,,,,,
3405,XANTGR,43,54.4,174.2,11.9,11.9,28,29.1,30.1,,,,,,,,,,
3406,MONOMA,43,53.8,172.5,27,27.5,28,28.2,28.9,,,,,,,,,,
3407,DACRR1,43,54.4,172.2,30.6,30.7,31,30.8,31,,,,,,,,,,
3408,SHORDA,43,56.5,171.1,93.2,93.2,93.2,94.2,94.2,,,,,,,,,,
3408A,CROTAR,43,56.4,170,0,0,10.1,10.2,10.4,,,,,,,,,,
3410,CALODI,43,56.7,168.5,23.5,23.6,23.9,17.7,24,,,,,,,,,,
3410A,SHORP2,43,55.1,167.2,0,11.3,11.8,12.5,13.2,,,,,,,,,,
3411,BACCRE,43,59.1,171,20.3,16.8,18.9,18.9,19.6,,,,,,,,,,
3412,KIBAAR,43,59.9,165,12.7,11,12.8,12.8,12.7,,,,,,,,,,
3412A,APORNI,43,57.3,160,13.7,13.9,14,14.5,14.1,,,,,,,,,,
3413,CROTAR,43,59.5,162.7,13.4,0,13.4,13.7,14,,,,,,,,,,
3413A,PIMEGR,43,60,162.8,0,0,20.5,21.2,21.5,,,,,,,,,,
3415,PALAH2,44,69.6,163.2,45.2,45.2,45.4,45.7,46,,,,,,,,,,
3415A,PAROVA,44,67,165.8,24.9,25,25.2,25.5,26,,,,,,,,,,
3416,XERONO,44,70.1,163.1,24,24,24.5,25.5,24.6,,,,,,,,,,
3416B,POL1SU,44,71.3,163.2,9.4,13.7,13.8,13.9,14,,,,,,,,,,
3416C,ALANEB,44,70.4,163,0,12.3,13,13.4,14,,,,,,,,,,
3417A,PALAMA,44,68.3,170.1,19,19.5,19.8,19.9,20.1,,,,,,,,,,
3417B,ALANEB,44,72.1,167.9,0,15.2,15.7,15.6,15.8,,,,,,,,,,
3420,SANTTO,44,64.1,169.9,38,38.9,38.6,38.2,39.6,,,,,,,,,,
3420A,PORTAN,44,65,172,0,12.2,12.1,12.1,11.6,,,,,,,,,,
3420B,GARCAT,44,64,172.2,0,10.1,10.3,10.2,10.8,,,,,,,,,,
3425A,SHORL1,44,75.1,178.7,0,15,15.9,17.3,18.4,,,,,,,,,,
3425B,SHORL1,44,72.7,178.5,0,18,20,21.6,22,,,,,,,,,,
3430A,MONOMA,44,70.9,173,23.1,24.8,26.1,28.1,28.7,,,,,,,,,,
3430B,DACRR1,44,73.3,173.5,0,14.8,11.8,12.6,11.8,,,,,,,,,,
3431,NEOBHE,44,75.1,170.2,17.9,18.4,18.7,18.8,19.3,,,,,,,,,,
3431A,APORAU,44,74.4,170.4,0,10.7,10.8,10.7,10.6,,,,,,,,,,
3431B,ALANEB,44,74.1,169,0,11,11.3,11.1,10.8,,,,,,,,,,
3432B,PEN1MO,44,78.8,169.4,0,0,10.3,10.9,11,,,,,,,,,,
3433,BARRPE,44,74.5,163.6,20.2,20.1,20.1,20.1,0,,,,,,,,,,
3433A,SCA1SP,44,70.4,163.2,0,0,10.1,10.2,10.3,,,,,,,,,,
3436,DACRR1,45,80.2,169.6,16.4,20.2,20.4,20.3,20.1,,,,,,,,,,
3436A,CYNOMA,45,85.4,168.3,20.2,13.6,13.6,14.8,14.1,,,,,,,,,,
3436B,XERONO,45,82.9,168.6,12.8,16.3,16.3,16.3,16.4,,,,,,,,,,
3436C,BUCHSE,45,82,164,0,12.4,12.5,0,0,,,,,,,,,,
3438,SARADE,45,86.1,179.1,16.6,16,16.1,16,16.3,,,,,,,,,,
3438A,GIRONE,45,82.8,178.7,0,0,11.8,12,12.6,,,,,,,,,,
3439,SARADE,45,87.3,177.2,23.5,23.5,23.5,23.5,25.6,,,,,,,,,,
3439A,SARADE,45,86.8,176,0,24.1,24.3,24.1,24.3,,,,,,,,,,
3440,SARADE,45,89.3,179.6,31.4,0,0,0,0,,,,,,,,,,
3441,SARADE,45,89.6,178.1,25,25.9,25.9,26.7,27.6,,,,,,,,,,
3442,SARADE,45,87.5,171.7,17.9,17.5,19.5,17.5,17.3,,,,,,,,,,
3442A,DRYPPO,45,85.8,172,0,10.3,10.8,10.7,10.8,,,,,,,,,,
3443,SARADE,45,88.4,170.2,18.7,19,18.8,19.7,20,,,,,,,,,,
3444,SARADE,45,89.2,169.1,38.3,38.3,38.2,39.1,39.3,,,,,,,,,,
3446,SARADE,45,91.3,162.7,39.3,47,47.1,44.2,44.3,,,,,,,,,,
3448,SARADE,45,92.2,171.5,19.6,0,0,0,0,,,,,,,,,,
3449,SARADE,45,94.9,172.5,38.5,0,0,0,0,,,,,,,,,,
3450,SARADE,45,94,174.6,48.3,48.1,48.1,48.2,48.6,,,,,,,,,,
3450A,SARADE,45,92.2,174.5,0,16.6,16.6,17.2,18,,,,,,,,,,
3451,SARADE,45,92.8,175.9,26.8,32.5,32.5,32.5,32.7,,,,,,,,,,
3452,SARADE,45,93.7,177.7,14.6,15.4,15.4,15.5,15.7,,,,,,,,,,
3453,SARADE,45,95.9,177.1,14.6,13.8,13.8,14,14.3,,,,,,,,,,
3453A,SARADE,45,99.2,177.7,0,12.6,12.8,12.9,13.2,,,,,,,,,,
3454,SARADE,45,95.6,178.4,32.5,34.5,34.7,32.1,32.2,,,,,,,,,,
3455,SARADE,45,95.8,179.6,24.8,25.6,25.8,26.7,28,,,,,,,,,,
3460,BARRPE,46,81.7,190.3,52,52.4,53,53.4,54.5,,,,,,,,,,
3460A,BACCRA,46,82.4,189.5,0,13.7,13.7,13.8,13.9,,,,,,,,,,
3460B,RYPAKU,46,82.6,186.4,0,14.6,16.3,20,20.6,,,,,,,,,,
3460C,XYLOCA,46,83.4,185.1,0,21.6,22.8,23.9,24.8,,,,,,,,,,
3465,MYRIM2,46,87.6,194.6,61.5,61.5,61.5,61.8,62.3,,,,,,,,,,
3465A,LEPISE,46,88,194.4,0,13,13.2,13.1,13.5,,,,,,,,,,
3466,LANSDO,46,84.2,199.2,20.8,20.8,20.9,0,0,,,,,,,,,,
3467,EUGEFI,46,85.1,197.5,15.8,0,0,0,0,,,,,,,,,,
3470,SARADE,46,89.9,191.9,31.4,32.5,32.5,33.6,37.5,,,,,,,,,,
3472,SARADE,46,88.1,184.6,20.1,21,21.1,0,0,,,,,,,,,,
3473,SARADE,46,87.8,184.7,19.3,19.2,19.2,19.1,19.2,,,,,,,,,,
3474,SARADE,46,88.5,184.6,48.9,48.9,49,50.1,52.4,,,,,,,,,,
3475,KNEMLA,46,89,185.2,23.1,0,0,0,0,,,,,,,,,,
3476,SARADE,46,94.5,192,16.2,16.3,16.4,16.3,16.4,,,,,,,,,,
3476A,SARADE,46,95.2,191.3,0,10.7,10.7,11.2,11.3,,,,,,,,,,
3477,SARADE,46,94.9,196.7,6,17.3,17.3,18.5,18.1,,,,,,,,,,
3478,SARADE,46,95.5,198.2,20.6,36.2,36.2,36.3,37.1,,,,,,,,,,
3480,SARADE,46,98.8,199.3,9.3,12.1,12.2,12.4,12.6,,,,,,,,,,
3480A,SARADE,46,96.4,199.5,0,13.2,13.2,13.8,15.1,,,,,,,,,,
3481,SARADE,46,99.6,197.4,14.4,0,0,0,0,,,,,,,,,,
3482,SARADE,46,91.6,199.5,21.4,21.9,21.9,21.5,21.6,,,,,,,,,,
3482A,SARADE,46,89.4,199.6,0,12.5,12.5,13.1,13,,,,,,,,,,
3482B,SARADE,46,87.8,199.8,0,10.3,10.3,10.2,10.1,,,,,,,,,,
3483,SARADE,46,91.9,180,28.6,28,28,28.1,31.4,,,,,,,,,,
3484,SARADE,46,97,188.5,20.2,36,36.1,0,0,,,,,,,,,,
3485,SARADE,46,95.2,188.4,16.3,21.6,21.6,21.4,20.6,,,,,,,,,,
3485A,SARADE,46,92.1,188.8,0,16.8,16.8,16.6,17.3,,,,,,,,,,
3486,SARADE,46,90.3,185.7,21.6,21.8,21.8,22.4,22.8,,,,,,,,,,
3487,SARADE,46,91.7,183.9,18.8,19.1,19.1,20,21.6,,,,,,,,,,
3488,SARADE,46,99.5,185.9,20.4,32,32,33.3,33.7,,,,,,,,,,
3488A,SARADE,46,99.6,184.2,0,15,15.1,15.1,15.7,,,,,,,,,,
3489,SARADE,46,99.9,183.7,17.3,18.2,18.2,19.7,20.5,,,,,,,,,,
3491,SARADE,46,99.6,181.2,24.8,25,25.1,25.4,25.8,,,,,,,,,,
3491A,SARADE,46,98.6,181,0,11.3,11.4,11.5,12.2,,,,,,,,,,
3492,SARADE,46,99.7,180.6,13.8,14.1,14.1,14.2,15.6,,,,,,,,,,
3493,SARADE,46,94.3,180.5,13.4,12.9,13,13,13.8,,,,,,,,,,
3493A,SARADE,46,93,180.4,0,15.7,15.7,15.6,15.8,,,,,,,,,,
3494,SARADE,46,92.4,181.9,15.6,15.3,15.1,15.2,15.7,,,,,,,,,,
3497A,XYLOM2,47,64.6,182.4,0,10.8,13.1,13.2,13.4,,,,,,,,,,
3497B,ALPHEL,47,63.8,184.6,0,10.8,11.2,11.3,12.6,,,,,,,,,,
3497C,EUGE10,47,62.7,186.4,0,19.6,19.6,19.9,20.3,,,,,,,,,,
3499,POL1SC,47,61.8,188.8,21.4,21.6,0,0,0,,,,,,,,,,
3499A,DIALPL,47,62.6,189,15.7,24.2,25.1,27.3,29.8,,,,,,,,,,
3501,ELAENI,47,0,0,16.3,16.8,0,0,0,,,,,,,,,,
3503A,SHORL1,47,69.2,196.3,0,17,17.2,18.5,19.3,,,,,,,,,,
3503B,CROTAR,47,70.9,196.8,0,13.3,0,0,0,,,,,,,,,,
3504,ANI1LA,47,62.2,196,13.8,13.8,13,13.1,14.6,,,,,,,,,,
3504A,ADENBI,47,63.7,194.5,0,32.2,33.5,33.7,34.1,,,,,,,,,,
3504B,GREWFI,47,66.5,197.2,0,10.7,11.5,11.9,12.5,,,,,,,,,,
3504C,MILLAT,47,61.4,196.4,0,10.9,11.1,11.1,11.1,,,,,,,,,,
3505,EUGEDE,47,62.7,196.4,12,12.1,12,12,12.1,,,,,,,,,,
3505A,EUGEDE,47,63.1,193.2,0,12.6,12.6,12.6,12.6,,,,,,,,,,
3505B,ANI1LA,47,66,197.4,0,0,11,0,0,,,,,,,,,,
3506A,SHORM1,47,62,198.5,0,22.8,23.2,23.6,25.9,,,,,,,,,,
3506B,APORBR,47,61.3,199.8,0,12,11.9,11.9,11.8,,,,,,,,,,
3511,PARKSP,47,76.9,197.2,28.5,28.5,28.5,0,0,,,,,,,,,,
3512,SHORL1,47,79.3,194.6,60.5,62.5,63.7,64.2,64.2,,,,,,,,,,
3512A,CALORU,47,79.1,195.5,0,10.9,11.5,11.9,12.4,,,,,,,,,,
3512B,MEL1TO,47,76.5,193.3,0,10.3,10.8,11.1,11,,,,,,,,,,
3512C,CALODI,47,79,192.5,0,13.1,13.5,13.5,13.7,,,,,,,,,,
3516,PTYCCO,47,77.4,188.2,16.7,16.9,17,16.8,16.9,,,,,,,,,,
3516A,IXONIC,47,79.2,184.5,29.8,29.7,30.5,32.7,33.5,,,,,,,,,,
3516B,PIMEGR,47,76.7,188,0,10.2,10.3,10.2,10.5,,,,,,,,,,
3518A,KNEMCU,47,68.6,189.6,0,13.6,13.8,13.6,13.7,,,,,,,,,,
3518B,ARTOSC,47,68.4,190.3,0,20.2,21.1,21,21,,,,,,,,,,
3518C,PIMEGR,47,69.5,191.1,0,13.5,14.4,15,15.7,,,,,,,,,,
3521,CHISTO,47,74.1,180.9,15.1,15.2,15.3,15.3,15.5,,,,,,,,,,
3521A,CROTAR,47,73.8,182.8,0,14.5,15.2,16,15.1,,,,,,,,,,
3521B,SAR1GR,47,71.1,182.2,0,23.3,24.5,24.9,25.2,,,,,,,,,,
3521C,SANDKO,47,70.4,181.4,0,11,11.1,11.6,11.8,,,,,,,,,,
3495A,SHORM1,48,55.3,182.2,21.5,21.8,21.6,21.9,22.3,,,,,,,,,,
3522,SCA2MA,48,41.7,181.2,47.9,47.7,48.1,49.2,50.2,,,,,,,,,,
3524,BACCRE,48,43.7,184.5,38.7,38.7,40.2,40.8,41.5,,,,,,,,,,
3525,DRYPLO,48,49.2,184,20.7,20.8,20.8,20.9,20.9,,,,,,,,,,
3525B,CROTAR,48,49.4,185,0,11.3,11.7,12,13.2,,,,,,,,,,
3526,RYPAAC,48,52.4,183.5,13,13,0,0,0,,,,,,,,,,
3527A,ALANEB,48,52.4,189,12.6,12.8,13,13,13.2,,,,,,,,,,
3528,ALANRI,48,45.7,189.7,26.3,26.6,27.2,27.5,27.5,,,,,,,,,,
3528A,EUGESP,48,46.3,190.8,13.7,14.3,14.7,14.8,14.9,,,,,,,,,,
3529A,SHORP1,48,43.7,194.9,31.2,31.9,33.4,35,35.8,,,,,,,,,,
3529B,XERONO,48,43.6,195.1,0,11.6,11.9,12.1,12.5,,,,,,,,,,
3530A,TRIOMA,48,51.8,194.7,16.9,18.1,18.8,19.4,20.2,,,,,,,,,,
3531,PIMEGR,48,50.5,193.5,23.7,23.7,24,24.2,24.4,,,,,,,,,,
3532,CYNOMA,48,49.7,199.3,20,19.9,19.9,20,20,,,,,,,,,,
3532A,CROTAR,48,49.2,197.6,17.2,17.3,17.9,17.5,17.8,,,,,,,,,,
3533A,EUGES2,48,54.8,199.6,15.4,16,16.2,16.2,16.6,,,,,,,,,,
3533B,SHORM1,48,57.3,196.6,0,27.2,28.5,30,30.7,,,,,,,,,,
3534,MANGFO,48,57.5,191.5,77,77,81.9,82.4,83.2,,,,,,,,,,
3534A,PIMEGR,48,55.8,190.2,21.5,21.4,21.7,21.6,22.3,,,,,,,,,,
3534B,CALODI,48,55.6,190.2,0,0,10.2,10.5,0,,,,,,,,,,
3535,DACRCO,48,52.3,189.9,38,38.2,38.2,38.3,38.3,,,,,,,,,,
3535A,PEN1MO,48,0,0,15,16,0,0,0,,,,,,,,,,
3536,LITHRA,48,58.1,184.4,12.4,29.8,31.5,33,33.8,,,,,,,,,,
3538A,HOPEDR,48,53.7,185.2,27.9,28.8,30.5,31.2,31.4,,,,,,,,,,
3539,MEMEO2,48,56.5,180.6,21.7,31.3,32.6,32.5,33.2,,,,,,,,,,
3539B,ALPHEL,48,56.7,181.3,0,10.8,0,0,0,,,,,,,,,,
3539C,ALPHEL,48,56.8,181.4,0,10.8,0,0,0,,,,,,,,,,
3540,PTEREC,49,25.3,181.1,25.2,25.2,26,25.8,26,,,,,,,,,,
3544,MONOMA,49,25.7,188.9,31.5,31.6,32.1,32.2,34.1,,,,,,,,,,
3544A,ALPHMA,49,23.9,191.4,12.6,12.7,12.9,12.9,13,,,,,,,,,,
3544B,CALODI,49,22.9,190.4,0,16.1,16.7,17.7,18.6,,,,,,,,,,
3544C,EUGESD,49,27.2,190,0,13.6,13.8,13.8,13.8,,,,,,,,,,
3545A,CRY1IN,49,20.8,186.6,0,0,10.6,10.5,12.3,,,,,,,,,,
3546,MONOMA,49,32.1,194.7,44.3,43.6,45.2,46.3,46.9,,,,,,,,,,
3546A,PORTAN,49,31.9,191,16.3,15.8,15.8,15.7,16.2,,,,,,,,,,
3546B,VATIBE,49,32.5,196.7,14.3,14.5,15.3,15.3,16,,,,,,,,,,
3546C,CINNIN,49,32.7,192.2,0,13.6,13.8,14,14.3,,,,,,,,,,
3546D,SHORP1,49,34.6,191.7,0,11.5,11.9,0,0,,,,,,,,,,
3546E,TIMOWA,49,31,194.5,0,11.6,11.9,12.2,12.5,,,,,,,,,,
3547A,AIDICO,49,37.5,194.5,20.7,21.3,21.5,21.9,22.1,,,,,,,,,,
3547B,SHORP1,49,36.3,194.4,36.5,39.1,42.3,45,47.3,,,,,,,,,,
3547C,CROTAR,49,35.1,195,0,12,12.2,12.2,12.6,,,,,,,,,,
3551,POL1HY,49,36.9,184.4,13.2,0,13.5,14,13.9,,,,,,,,,,
3551A,SHORP1,49,39,187.2,41.9,45.5,47.5,48.8,50.2,,,,,,,,,,
3551B,ACROPO,49,33.4,183.1,0,17.6,18.6,0,0,,,,,,,,,,
3551C,PEN1MO,49,34.6,183.7,0,13.9,13.7,14,14.1,,,,,,,,,,
3552,INTSPA,49,35.9,180.6,25.5,31.5,26.5,26.2,26.8,,,,,,,,,,
3552A,MONOMA,49,35.6,182.6,30.2,25.2,32.8,33.3,33.9,,,,,,,,,,
3553,ALANRI,50,5.5,190.1,26.5,27,27.3,0,0,,,,,,,,,,
3553A,GREWMI,50,4.8,190,15.5,15.5,15.7,16.2,16.5,,,,,,,,,,
3554A,SCA1SP,50,3,186.8,13,13,13.1,13.2,13.7,,,,,,,,,,
3554B,GARCBA,50,2.7,186.2,20.5,31.2,32.9,34.9,36.6,,,,,,,,,,
3554C,DACRRO,50,2.7,184.8,0,10.5,10.5,10.3,0,,,,,,,,,,
3555A,CALODI,50,5.4,191.2,21.4,22.4,22.5,22.8,23.3,,,,,,,,,,
3555B,CROTLA,50,5.8,192.4,18.8,19.8,20.5,21,22.6,,,,,,,,,,
3555C,VATIBE,50,4.8,190.8,0,10.3,10.7,11.1,12.4,,,,,,,,,,
3556A,GREWBL,50,1.7,191.1,0,10.9,11.7,12.2,13.4,,,,,,,,,,
3558,XYLOFS,50,10.2,197.9,29,29.9,29.3,29.6,29.3,,,,,,,,,,
3560,SHORM1,50,13.4,191,58.2,57.9,0,0,0,,,,,,,,,,
3561A,NEPHMA,50,17.1,187.4,21.3,21.5,21.9,22.2,22.5,,,,,,,,,,
3561B,ANI1LA,50,17.8,182.6,24.8,25.5,26.4,26.4,27,,,,,,,,,,
3561C,OCHAAM,50,19.5,184.7,18.9,19.6,20.1,20.6,21.7,,,,,,,,,,
3561D,SHORL1,50,12.6,186.7,0,24.5,27.2,30.8,0,,,,,,,,,,
3561E,MESURA,50,18.6,198,0,0,11.2,11.7,12.1,,,,,,,,,,
3561F,CANAPA,50,13.8,188,0,0,10.1,11,0,,,,,,,,,,
3564,MESURA,50,19.2,191.3,25.8,26.6,27,27.6,28,,,,,,,,,,
3566,OCHAAM,50,16.6,198.1,31.2,32.2,32.5,32.7,33.1,,,,,,,,,,
3567,KNEMSC,50,19.9,197.1,21.8,22.8,23,23.6,24.4,,,,,,,,,,
